task,subject,z,config,predictor,spearman,auroc,dpsnr10,dpsnr20,dpsnr30,elapsed_s,fwd_count,psnr
T2->T1,IXI017-Guys-0698,27,full_n4,rcrf+unc(w.6/.4),-0.8183,0.894,3.712,5.446,6.728,5.152,40,18.93
T2->T1,IXI017-Guys-0698,27,fusion_w1.0,w1=1.0,-0.7982,0.8866,3.388,5.208,6.583,5.152,40,
T2->T1,IXI017-Guys-0698,27,fusion_w0.7,w1=0.7,-0.814,0.8933,3.709,5.389,6.713,5.152,40,
T2->T1,IXI017-Guys-0698,27,fusion_w0.5,w1=0.5,-0.8218,0.8937,3.666,5.442,6.734,5.152,40,
T2->T1,IXI017-Guys-0698,27,fusion_w0.3,w1=0.3,-0.8259,0.8901,3.437,5.434,6.711,5.152,40,
T2->T1,IXI017-Guys-0698,27,fusion_w0.0,w1=0.0,-0.8091,0.8604,2.185,4.311,5.858,5.152,40,
T2->T1,IXI017-Guys-0698,27,rcrf_n1,rcrf(单次推理),-0.7887,0.8804,3.245,4.948,6.473,2.729,20,18.86
T2->T1,IXI017-Guys-0698,27,rcrf_n4,rcrf(4次平均),-0.7982,0.8866,3.388,5.208,6.583,5.152,40,
T2->T1,IXI017-Guys-0698,27,unc_n4,unc(集成标准差),-0.8091,0.8604,2.185,4.311,5.858,5.152,40,
T2->T1,IXI017-Guys-0698,27,random,uniform-random,0.0098,0.4999,-0.01,-0.012,-0.006,0.0,0,
T2->T1,IXI017-Guys-0698,27,full_skip2,rcrf+unc(w.6/.4),-0.807,0.8943,3.709,5.543,6.884,2.136,24,18.71
T2->T1,IXI017-Guys-0698,39,full_n4,rcrf+unc(w.6/.4),-0.8015,0.821,1.543,2.624,3.266,3.83,40,19.51
T2->T1,IXI017-Guys-0698,39,fusion_w1.0,w1=1.0,-0.7884,0.8144,1.605,2.436,3.135,3.83,40,
T2->T1,IXI017-Guys-0698,39,fusion_w0.7,w1=0.7,-0.7986,0.8203,1.56,2.542,3.227,3.83,40,
T2->T1,IXI017-Guys-0698,39,fusion_w0.5,w1=0.5,-0.8042,0.8211,1.5,2.674,3.335,3.83,40,
T2->T1,IXI017-Guys-0698,39,fusion_w0.3,w1=0.3,-0.809,0.8194,1.423,2.647,3.337,3.83,40,
T2->T1,IXI017-Guys-0698,39,fusion_w0.0,w1=0.0,-0.8061,0.8035,1.182,2.206,2.953,3.83,40,
T2->T1,IXI017-Guys-0698,39,rcrf_n1,rcrf(单次推理),-0.7774,0.8031,1.632,2.348,2.871,1.909,20,19.28
T2->T1,IXI017-Guys-0698,39,rcrf_n4,rcrf(4次平均),-0.7884,0.8144,1.605,2.436,3.135,3.83,40,
T2->T1,IXI017-Guys-0698,39,unc_n4,unc(集成标准差),-0.8061,0.8035,1.182,2.206,2.953,3.83,40,
T2->T1,IXI017-Guys-0698,39,random,uniform-random,-0.014,0.4999,-0.037,0.011,0.047,0.0,0,
T2->T1,IXI017-Guys-0698,39,full_skip2,rcrf+unc(w.6/.4),-0.7987,0.8219,1.668,2.957,3.417,2.423,24,19.3
T2->T1,IXI017-Guys-0698,51,full_n4,rcrf+unc(w.6/.4),-0.7811,0.8098,1.471,2.445,2.995,3.844,40,20.56
T2->T1,IXI017-Guys-0698,51,fusion_w1.0,w1=1.0,-0.7657,0.7898,1.337,1.982,2.565,3.844,40,
T2->T1,IXI017-Guys-0698,51,fusion_w0.7,w1=0.7,-0.778,0.806,1.444,2.37,2.923,3.844,40,
T2->T1,IXI017-Guys-0698,51,fusion_w0.5,w1=0.5,-0.7839,0.8126,1.495,2.52,3.032,3.844,40,
T2->T1,IXI017-Guys-0698,51,fusion_w0.3,w1=0.3,-0.7884,0.8159,1.437,2.531,3.175,3.844,40,
T2->T1,IXI017-Guys-0698,51,fusion_w0.0,w1=0.0,-0.7881,0.8102,1.322,2.329,2.946,3.844,40,
T2->T1,IXI017-Guys-0698,51,rcrf_n1,rcrf(单次推理),-0.7571,0.7757,1.388,1.862,2.369,1.905,20,20.39
T2->T1,IXI017-Guys-0698,51,rcrf_n4,rcrf(4次平均),-0.7657,0.7898,1.337,1.982,2.565,3.844,40,
T2->T1,IXI017-Guys-0698,51,unc_n4,unc(集成标准差),-0.7881,0.8102,1.322,2.329,2.946,3.844,40,
T2->T1,IXI017-Guys-0698,51,random,uniform-random,-0.0057,0.5014,0.036,0.021,0.003,0.0,0,
T2->T1,IXI017-Guys-0698,51,full_skip2,rcrf+unc(w.6/.4),-0.7729,0.803,1.652,2.475,3.048,2.277,24,20.47
T2->T1,IXI017-Guys-0698,63,full_n4,rcrf+unc(w.6/.4),-0.7602,0.7979,1.187,2.071,2.67,3.747,40,19.94
T2->T1,IXI017-Guys-0698,63,fusion_w1.0,w1=1.0,-0.7354,0.7739,1.133,1.782,2.289,3.747,40,
T2->T1,IXI017-Guys-0698,63,fusion_w0.7,w1=0.7,-0.7557,0.7941,1.204,2.037,2.591,3.747,40,
T2->T1,IXI017-Guys-0698,63,fusion_w0.5,w1=0.5,-0.7638,0.8005,1.167,2.076,2.753,3.747,40,
T2->T1,IXI017-Guys-0698,63,fusion_w0.3,w1=0.3,-0.7684,0.8019,1.123,2.119,2.76,3.747,40,
T2->T1,IXI017-Guys-0698,63,fusion_w0.0,w1=0.0,-0.7622,0.7921,0.959,1.832,2.582,3.747,40,
T2->T1,IXI017-Guys-0698,63,rcrf_n1,rcrf(单次推理),-0.7284,0.7627,1.209,1.74,2.249,1.982,20,19.85
T2->T1,IXI017-Guys-0698,63,rcrf_n4,rcrf(4次平均),-0.7354,0.7739,1.133,1.782,2.289,3.747,40,
T2->T1,IXI017-Guys-0698,63,unc_n4,unc(集成标准差),-0.7622,0.7921,0.959,1.832,2.582,3.747,40,
T2->T1,IXI017-Guys-0698,63,random,uniform-random,-0.0183,0.4978,-0.037,0.051,0.103,0.0,0,
T2->T1,IXI017-Guys-0698,63,full_skip2,rcrf+unc(w.6/.4),-0.7527,0.7946,1.353,2.062,2.691,2.528,24,19.88
T2->T1,IXI017-Guys-0698,75,full_n4,rcrf+unc(w.6/.4),-0.7192,0.7109,0.457,0.932,1.362,4.028,40,19.58
T2->T1,IXI017-Guys-0698,75,fusion_w1.0,w1=1.0,-0.7022,0.6971,0.458,0.848,1.099,4.028,40,
T2->T1,IXI017-Guys-0698,75,fusion_w0.7,w1=0.7,-0.7164,0.7088,0.443,0.963,1.316,4.028,40,
T2->T1,IXI017-Guys-0698,75,fusion_w0.5,w1=0.5,-0.721,0.7121,0.463,0.911,1.379,4.028,40,
T2->T1,IXI017-Guys-0698,75,fusion_w0.3,w1=0.3,-0.7215,0.7116,0.474,0.894,1.256,4.028,40,
T2->T1,IXI017-Guys-0698,75,fusion_w0.0,w1=0.0,-0.7096,0.6999,0.414,0.798,1.063,4.028,40,
T2->T1,IXI017-Guys-0698,75,rcrf_n1,rcrf(单次推理),-0.6976,0.6898,0.481,0.968,1.11,1.962,20,19.38
T2->T1,IXI017-Guys-0698,75,rcrf_n4,rcrf(4次平均),-0.7022,0.6971,0.458,0.848,1.099,4.028,40,
T2->T1,IXI017-Guys-0698,75,unc_n4,unc(集成标准差),-0.7096,0.6999,0.414,0.798,1.063,4.028,40,
T2->T1,IXI017-Guys-0698,75,random,uniform-random,-0.0036,0.4971,-0.034,-0.075,-0.142,0.0,0,
T2->T1,IXI017-Guys-0698,75,full_skip2,rcrf+unc(w.6/.4),-0.7257,0.7238,0.526,1.167,1.56,2.526,24,19.46
T2->T1,IXI017-Guys-0698,87,full_n4,rcrf+unc(w.6/.4),-0.7674,0.7877,0.956,1.803,2.357,3.958,40,21.09
T2->T1,IXI017-Guys-0698,87,fusion_w1.0,w1=1.0,-0.7426,0.759,0.882,1.526,1.798,3.958,40,
T2->T1,IXI017-Guys-0698,87,fusion_w0.7,w1=0.7,-0.763,0.7829,0.954,1.806,2.237,3.958,40,
T2->T1,IXI017-Guys-0698,87,fusion_w0.5,w1=0.5,-0.771,0.7914,0.95,1.82,2.411,3.958,40,
T2->T1,IXI017-Guys-0698,87,fusion_w0.3,w1=0.3,-0.7754,0.7959,0.92,1.81,2.468,3.958,40,
T2->T1,IXI017-Guys-0698,87,fusion_w0.0,w1=0.0,-0.7708,0.7932,0.815,1.68,2.261,3.958,40,
T2->T1,IXI017-Guys-0698,87,rcrf_n1,rcrf(单次推理),-0.7345,0.7545,0.932,1.499,1.773,1.862,20,20.96
T2->T1,IXI017-Guys-0698,87,rcrf_n4,rcrf(4次平均),-0.7426,0.759,0.882,1.526,1.798,3.958,40,
T2->T1,IXI017-Guys-0698,87,unc_n4,unc(集成标准差),-0.7708,0.7932,0.815,1.68,2.261,3.958,40,
T2->T1,IXI017-Guys-0698,87,random,uniform-random,-0.0009,0.4939,-0.038,-0.053,-0.037,0.0,0,
T2->T1,IXI017-Guys-0698,87,full_skip2,rcrf+unc(w.6/.4),-0.7674,0.7916,1.131,1.98,2.534,2.461,24,20.96
T2->T1,IXI017-Guys-0698,99,full_n4,rcrf+unc(w.6/.4),-0.7889,0.8332,1.728,2.698,3.169,3.845,40,21.74
T2->T1,IXI017-Guys-0698,99,fusion_w1.0,w1=1.0,-0.7682,0.8065,1.283,2.199,2.671,3.845,40,
T2->T1,IXI017-Guys-0698,99,fusion_w0.7,w1=0.7,-0.7843,0.8279,1.645,2.573,3.149,3.845,40,
T2->T1,IXI017-Guys-0698,99,fusion_w0.5,w1=0.5,-0.7932,0.8375,1.787,2.803,3.242,3.845,40,
T2->T1,IXI017-Guys-0698,99,fusion_w0.3,w1=0.3,-0.8009,0.8431,1.832,2.909,3.381,3.845,40,
T2->T1,IXI017-Guys-0698,99,fusion_w0.0,w1=0.0,-0.8059,0.8413,1.717,2.851,3.325,3.845,40,
T2->T1,IXI017-Guys-0698,99,rcrf_n1,rcrf(单次推理),-0.7587,0.7891,1.314,1.935,2.526,1.908,20,21.54
T2->T1,IXI017-Guys-0698,99,rcrf_n4,rcrf(4次平均),-0.7682,0.8065,1.283,2.199,2.671,3.845,40,
T2->T1,IXI017-Guys-0698,99,unc_n4,unc(集成标准差),-0.8059,0.8413,1.717,2.851,3.325,3.845,40,
T2->T1,IXI017-Guys-0698,99,random,uniform-random,-0.0004,0.4902,-0.014,-0.074,-0.073,0.0,0,
T2->T1,IXI017-Guys-0698,99,full_skip2,rcrf+unc(w.6/.4),-0.7861,0.832,1.861,2.714,3.241,2.326,24,21.73
T2->T1,IXI017-Guys-0698,111,full_n4,rcrf+unc(w.6/.4),-0.811,0.8477,1.358,2.317,2.903,4.019,40,20.65
T2->T1,IXI017-Guys-0698,111,fusion_w1.0,w1=1.0,-0.795,0.8296,1.053,1.832,2.538,4.019,40,
T2->T1,IXI017-Guys-0698,111,fusion_w0.7,w1=0.7,-0.8074,0.844,1.285,2.19,2.832,4.019,40,
T2->T1,IXI017-Guys-0698,111,fusion_w0.5,w1=0.5,-0.8144,0.8508,1.429,2.416,2.969,4.019,40,
T2->T1,IXI017-Guys-0698,111,fusion_w0.3,w1=0.3,-0.8204,0.8554,1.56,2.537,3.036,4.019,40,
T2->T1,IXI017-Guys-0698,111,fusion_w0.0,w1=0.0,-0.8208,0.858,1.655,2.613,3.134,4.019,40,
T2->T1,IXI017-Guys-0698,111,rcrf_n1,rcrf(单次推理),-0.7863,0.8173,1.047,1.73,2.261,1.954,20,20.51
T2->T1,IXI017-Guys-0698,111,rcrf_n4,rcrf(4次平均),-0.795,0.8296,1.053,1.832,2.538,4.019,40,
T2->T1,IXI017-Guys-0698,111,unc_n4,unc(集成标准差),-0.8208,0.858,1.655,2.613,3.134,4.019,40,
T2->T1,IXI017-Guys-0698,111,random,uniform-random,0.0062,0.5035,0.114,0.113,0.155,0.0,0,
T2->T1,IXI017-Guys-0698,111,full_skip2,rcrf+unc(w.6/.4),-0.8036,0.8418,1.321,2.068,2.696,2.301,24,20.79
T2->T1,IXI019-Guys-0702,25,full_n4,rcrf+unc(w.6/.4),-0.8457,0.8551,1.714,3.434,6.189,4.015,40,22.91
T2->T1,IXI019-Guys-0702,25,fusion_w1.0,w1=1.0,-0.8302,0.8358,1.079,2.838,5.702,4.015,40,
T2->T1,IXI019-Guys-0702,25,fusion_w0.7,w1=0.7,-0.8422,0.8508,1.588,3.232,5.964,4.015,40,
T2->T1,IXI019-Guys-0702,25,fusion_w0.5,w1=0.5,-0.849,0.8593,1.819,3.618,6.149,4.015,40,
T2->T1,IXI019-Guys-0702,25,fusion_w0.3,w1=0.3,-0.8542,0.8665,1.963,3.747,6.241,4.015,40,
T2->T1,IXI019-Guys-0702,25,fusion_w0.0,w1=0.0,-0.8465,0.8742,2.051,3.947,6.575,4.015,40,
T2->T1,IXI019-Guys-0702,25,rcrf_n1,rcrf(单次推理),-0.8198,0.8352,1.231,2.762,5.21,1.965,20,22.73
T2->T1,IXI019-Guys-0702,25,rcrf_n4,rcrf(4次平均),-0.8302,0.8358,1.079,2.838,5.702,4.015,40,
T2->T1,IXI019-Guys-0702,25,unc_n4,unc(集成标准差),-0.8465,0.8742,2.051,3.947,6.575,4.015,40,
T2->T1,IXI019-Guys-0702,25,random,uniform-random,0.0096,0.4871,-0.021,0.031,-0.021,0.0,0,
T2->T1,IXI019-Guys-0702,25,full_skip2,rcrf+unc(w.6/.4),-0.8373,0.8525,1.917,3.359,5.52,2.35,24,22.8
T2->T1,IXI019-Guys-0702,37,full_n4,rcrf+unc(w.6/.4),-0.824,0.8602,1.457,3.418,5.349,4.165,40,19.58
T2->T1,IXI019-Guys-0702,37,fusion_w1.0,w1=1.0,-0.8029,0.8363,1.244,2.984,4.654,4.165,40,
T2->T1,IXI019-Guys-0702,37,fusion_w0.7,w1=0.7,-0.8195,0.8554,1.369,3.379,5.287,4.165,40,
T2->T1,IXI019-Guys-0702,37,fusion_w0.5,w1=0.5,-0.8281,0.8642,1.49,3.509,5.431,4.165,40,
T2->T1,IXI019-Guys-0702,37,fusion_w0.3,w1=0.3,-0.8351,0.8699,1.506,3.563,5.487,4.165,40,
T2->T1,IXI019-Guys-0702,37,fusion_w0.0,w1=0.0,-0.8364,0.8686,1.512,3.33,5.04,4.165,40,
T2->T1,IXI019-Guys-0702,37,rcrf_n1,rcrf(单次推理),-0.7924,0.8173,1.131,2.662,4.142,1.921,20,19.27
T2->T1,IXI019-Guys-0702,37,rcrf_n4,rcrf(4次平均),-0.8029,0.8363,1.244,2.984,4.654,4.165,40,
T2->T1,IXI019-Guys-0702,37,unc_n4,unc(集成标准差),-0.8364,0.8686,1.512,3.33,5.04,4.165,40,
T2->T1,IXI019-Guys-0702,37,random,uniform-random,-0.0009,0.5093,0.002,0.023,-0.009,0.0,0,
T2->T1,IXI019-Guys-0702,37,full_skip2,rcrf+unc(w.6/.4),-0.8181,0.8504,1.388,3.293,5.316,2.366,24,19.4
T2->T1,IXI019-Guys-0702,49,full_n4,rcrf+unc(w.6/.4),-0.7779,0.8238,1.394,2.493,4.112,3.895,40,19.2
T2->T1,IXI019-Guys-0702,49,fusion_w1.0,w1=1.0,-0.7532,0.8051,1.233,2.499,3.488,3.895,40,
T2->T1,IXI019-Guys-0702,49,fusion_w0.7,w1=0.7,-0.7735,0.8211,1.384,2.524,4.043,3.895,40,
T2->T1,IXI019-Guys-0702,49,fusion_w0.5,w1=0.5,-0.7812,0.8253,1.37,2.508,4.177,3.895,40,
T2->T1,IXI019-Guys-0702,49,fusion_w0.3,w1=0.3,-0.7847,0.8245,1.374,2.509,4.018,3.895,40,
T2->T1,IXI019-Guys-0702,49,fusion_w0.0,w1=0.0,-0.7768,0.8109,1.202,2.4,3.515,3.895,40,
T2->T1,IXI019-Guys-0702,49,rcrf_n1,rcrf(单次推理),-0.7422,0.7953,1.321,2.276,3.281,1.949,20,18.92
T2->T1,IXI019-Guys-0702,49,rcrf_n4,rcrf(4次平均),-0.7532,0.8051,1.233,2.499,3.488,3.895,40,
T2->T1,IXI019-Guys-0702,49,unc_n4,unc(集成标准差),-0.7768,0.8109,1.202,2.4,3.515,3.895,40,
T2->T1,IXI019-Guys-0702,49,random,uniform-random,0.0065,0.5042,0.051,0.06,-0.001,0.0,0,
T2->T1,IXI019-Guys-0702,49,full_skip2,rcrf+unc(w.6/.4),-0.7703,0.8198,1.282,2.553,3.92,2.423,24,19.15
T2->T1,IXI019-Guys-0702,61,full_n4,rcrf+unc(w.6/.4),-0.7109,0.7647,0.713,1.561,2.414,3.985,40,19.18
T2->T1,IXI019-Guys-0702,61,fusion_w1.0,w1=1.0,-0.675,0.7335,0.536,1.125,1.616,3.985,40,
T2->T1,IXI019-Guys-0702,61,fusion_w0.7,w1=0.7,-0.7032,0.758,0.665,1.485,2.141,3.985,40,
T2->T1,IXI019-Guys-0702,61,fusion_w0.5,w1=0.5,-0.7178,0.7705,0.779,1.611,2.589,3.985,40,
T2->T1,IXI019-Guys-0702,61,fusion_w0.3,w1=0.3,-0.7291,0.7791,0.859,1.737,2.772,3.985,40,
T2->T1,IXI019-Guys-0702,61,fusion_w0.0,w1=0.0,-0.7323,0.7798,0.813,1.863,2.736,3.985,40,
T2->T1,IXI019-Guys-0702,61,rcrf_n1,rcrf(单次推理),-0.6651,0.728,0.582,1.178,1.685,2.035,20,18.92
T2->T1,IXI019-Guys-0702,61,rcrf_n4,rcrf(4次平均),-0.675,0.7335,0.536,1.125,1.616,3.985,40,
T2->T1,IXI019-Guys-0702,61,unc_n4,unc(集成标准差),-0.7323,0.7798,0.813,1.863,2.736,3.985,40,
T2->T1,IXI019-Guys-0702,61,random,uniform-random,-0.0054,0.5046,0.037,-0.01,-0.025,0.0,0,
T2->T1,IXI019-Guys-0702,61,full_skip2,rcrf+unc(w.6/.4),-0.7039,0.7566,0.697,1.463,2.186,2.505,24,19.1
T2->T1,IXI019-Guys-0702,73,full_n4,rcrf+unc(w.6/.4),-0.6266,0.6741,0.555,0.925,1.313,4.116,40,18.06
T2->T1,IXI019-Guys-0702,73,fusion_w1.0,w1=1.0,-0.5995,0.6744,0.538,0.85,1.058,4.116,40,
T2->T1,IXI019-Guys-0702,73,fusion_w0.7,w1=0.7,-0.6219,0.6758,0.556,0.919,1.245,4.116,40,
T2->T1,IXI019-Guys-0702,73,fusion_w0.5,w1=0.5,-0.6299,0.6712,0.53,0.933,1.307,4.116,40,
T2->T1,IXI019-Guys-0702,73,fusion_w0.3,w1=0.3,-0.632,0.6619,0.466,0.903,1.28,4.116,40,
T2->T1,IXI019-Guys-0702,73,fusion_w0.0,w1=0.0,-0.6192,0.6378,0.342,0.681,1.104,4.116,40,
T2->T1,IXI019-Guys-0702,73,rcrf_n1,rcrf(单次推理),-0.5885,0.666,0.563,0.817,1.026,2.019,20,17.94
T2->T1,IXI019-Guys-0702,73,rcrf_n4,rcrf(4次平均),-0.5995,0.6744,0.538,0.85,1.058,4.116,40,
T2->T1,IXI019-Guys-0702,73,unc_n4,unc(集成标准差),-0.6192,0.6378,0.342,0.681,1.104,4.116,40,
T2->T1,IXI019-Guys-0702,73,random,uniform-random,-0.0062,0.5085,-0.025,-0.025,0.047,0.0,0,
T2->T1,IXI019-Guys-0702,73,full_skip2,rcrf+unc(w.6/.4),-0.6305,0.6822,0.639,1.033,1.319,2.458,24,17.95
T2->T1,IXI019-Guys-0702,85,full_n4,rcrf+unc(w.6/.4),-0.6771,0.705,0.43,0.872,1.44,3.975,40,17.69
T2->T1,IXI019-Guys-0702,85,fusion_w1.0,w1=1.0,-0.6411,0.705,0.334,0.83,1.563,3.975,40,
T2->T1,IXI019-Guys-0702,85,fusion_w0.7,w1=0.7,-0.6706,0.7063,0.415,0.83,1.489,3.975,40,
T2->T1,IXI019-Guys-0702,85,fusion_w0.5,w1=0.5,-0.6823,0.703,0.447,0.905,1.406,3.975,40,
T2->T1,IXI019-Guys-0702,85,fusion_w0.3,w1=0.3,-0.6877,0.6961,0.466,0.919,1.389,3.975,40,
T2->T1,IXI019-Guys-0702,85,fusion_w0.0,w1=0.0,-0.6771,0.6773,0.447,0.855,1.345,3.975,40,
T2->T1,IXI019-Guys-0702,85,rcrf_n1,rcrf(单次推理),-0.6274,0.702,0.32,0.804,1.571,2.065,20,17.52
T2->T1,IXI019-Guys-0702,85,rcrf_n4,rcrf(4次平均),-0.6411,0.705,0.334,0.83,1.563,3.975,40,
T2->T1,IXI019-Guys-0702,85,unc_n4,unc(集成标准差),-0.6771,0.6773,0.447,0.855,1.345,3.975,40,
T2->T1,IXI019-Guys-0702,85,random,uniform-random,0.0057,0.5058,-0.008,-0.03,0.006,0.0,0,
T2->T1,IXI019-Guys-0702,85,full_skip2,rcrf+unc(w.6/.4),-0.6739,0.7164,0.467,0.922,1.702,2.519,24,17.55
T2->T1,IXI019-Guys-0702,97,full_n4,rcrf+unc(w.6/.4),-0.7424,0.7546,0.719,1.472,2.404,4.236,40,18.35
T2->T1,IXI019-Guys-0702,97,fusion_w1.0,w1=1.0,-0.708,0.736,0.668,1.276,1.907,4.236,40,
T2->T1,IXI019-Guys-0702,97,fusion_w0.7,w1=0.7,-0.7357,0.7514,0.718,1.405,2.281,4.236,40,
T2->T1,IXI019-Guys-0702,97,fusion_w0.5,w1=0.5,-0.7479,0.757,0.753,1.484,2.49,4.236,40,
T2->T1,IXI019-Guys-0702,97,fusion_w0.3,w1=0.3,-0.7555,0.7587,0.772,1.568,2.446,4.236,40,
T2->T1,IXI019-Guys-0702,97,fusion_w0.0,w1=0.0,-0.7507,0.7507,0.705,1.545,2.195,4.236,40,
T2->T1,IXI019-Guys-0702,97,rcrf_n1,rcrf(单次推理),-0.7038,0.7445,0.821,1.429,2.002,2.141,20,18.1
T2->T1,IXI019-Guys-0702,97,rcrf_n4,rcrf(4次平均),-0.708,0.736,0.668,1.276,1.907,4.236,40,
T2->T1,IXI019-Guys-0702,97,unc_n4,unc(集成标准差),-0.7507,0.7507,0.705,1.545,2.195,4.236,40,
T2->T1,IXI019-Guys-0702,97,random,uniform-random,0.0052,0.5022,-0.0,0.003,0.072,0.0,0,
T2->T1,IXI019-Guys-0702,97,full_skip2,rcrf+unc(w.6/.4),-0.7371,0.7587,0.972,1.644,2.357,2.575,24,18.13
T2->T1,IXI019-Guys-0702,109,full_n4,rcrf+unc(w.6/.4),-0.7733,0.7448,0.565,1.161,1.928,4.235,40,18.66
T2->T1,IXI019-Guys-0702,109,fusion_w1.0,w1=1.0,-0.7515,0.7351,0.499,0.978,1.758,4.235,40,
T2->T1,IXI019-Guys-0702,109,fusion_w0.7,w1=0.7,-0.7693,0.7432,0.52,1.095,1.933,4.235,40,
T2->T1,IXI019-Guys-0702,109,fusion_w0.5,w1=0.5,-0.7766,0.7459,0.561,1.218,1.979,4.235,40,
T2->T1,IXI019-Guys-0702,109,fusion_w0.3,w1=0.3,-0.7811,0.7466,0.605,1.261,2.041,4.235,40,
T2->T1,IXI019-Guys-0702,109,fusion_w0.0,w1=0.0,-0.7793,0.7427,0.629,1.318,2.16,4.235,40,
T2->T1,IXI019-Guys-0702,109,rcrf_n1,rcrf(单次推理),-0.7407,0.7349,0.586,1.145,1.701,1.956,20,18.48
T2->T1,IXI019-Guys-0702,109,rcrf_n4,rcrf(4次平均),-0.7515,0.7351,0.499,0.978,1.758,4.235,40,
T2->T1,IXI019-Guys-0702,109,unc_n4,unc(集成标准差),-0.7793,0.7427,0.629,1.318,2.16,4.235,40,
T2->T1,IXI019-Guys-0702,109,random,uniform-random,-0.0004,0.5061,0.051,-0.026,0.089,0.0,0,
T2->T1,IXI019-Guys-0702,109,full_skip2,rcrf+unc(w.6/.4),-0.7627,0.738,0.634,1.235,1.946,2.393,24,18.56
T2->T1,IXI020-Guys-0700,22,full_n4,rcrf+unc(w.6/.4),-0.8373,0.9084,2.424,4.253,5.424,3.623,40,20.01
T2->T1,IXI020-Guys-0700,22,fusion_w1.0,w1=1.0,-0.8182,0.8923,2.227,3.43,4.702,3.623,40,
T2->T1,IXI020-Guys-0700,22,fusion_w0.7,w1=0.7,-0.833,0.9056,2.346,4.078,5.313,3.623,40,
T2->T1,IXI020-Guys-0700,22,fusion_w0.5,w1=0.5,-0.8413,0.9103,2.462,4.337,5.52,3.623,40,
T2->T1,IXI020-Guys-0700,22,fusion_w0.3,w1=0.3,-0.8488,0.9115,2.453,4.476,5.86,3.623,40,
T2->T1,IXI020-Guys-0700,22,fusion_w0.0,w1=0.0,-0.8583,0.8998,2.029,4.036,5.716,3.623,40,
T2->T1,IXI020-Guys-0700,22,rcrf_n1,rcrf(单次推理),-0.8169,0.8923,2.338,3.337,4.301,1.867,20,19.75
T2->T1,IXI020-Guys-0700,22,rcrf_n4,rcrf(4次平均),-0.8182,0.8923,2.227,3.43,4.702,3.623,40,
T2->T1,IXI020-Guys-0700,22,unc_n4,unc(集成标准差),-0.8583,0.8998,2.029,4.036,5.716,3.623,40,
T2->T1,IXI020-Guys-0700,22,random,uniform-random,0.0127,0.4969,0.054,0.068,0.09,0.0,0,
T2->T1,IXI020-Guys-0700,22,full_skip2,rcrf+unc(w.6/.4),-0.8262,0.9068,2.58,4.28,5.498,2.446,24,19.74
T2->T1,IXI020-Guys-0700,34,full_n4,rcrf+unc(w.6/.4),-0.8821,0.9096,2.975,4.965,7.093,3.854,40,18.31
T2->T1,IXI020-Guys-0700,34,fusion_w1.0,w1=1.0,-0.8705,0.8997,3.053,4.482,6.5,3.854,40,
T2->T1,IXI020-Guys-0700,34,fusion_w0.7,w1=0.7,-0.8809,0.9097,3.013,4.915,7.045,3.854,40,
T2->T1,IXI020-Guys-0700,34,fusion_w0.5,w1=0.5,-0.8823,0.9079,2.879,4.975,7.117,3.854,40,
T2->T1,IXI020-Guys-0700,34,fusion_w0.3,w1=0.3,-0.8794,0.9005,2.669,4.782,7.216,3.854,40,
T2->T1,IXI020-Guys-0700,34,fusion_w0.0,w1=0.0,-0.8588,0.8663,1.52,3.417,5.81,3.854,40,
T2->T1,IXI020-Guys-0700,34,rcrf_n1,rcrf(单次推理),-0.8597,0.8947,2.955,4.431,6.196,2.065,20,18.19
T2->T1,IXI020-Guys-0700,34,rcrf_n4,rcrf(4次平均),-0.8705,0.8997,3.053,4.482,6.5,3.854,40,
T2->T1,IXI020-Guys-0700,34,unc_n4,unc(集成标准差),-0.8588,0.8663,1.52,3.417,5.81,3.854,40,
T2->T1,IXI020-Guys-0700,34,random,uniform-random,-0.0219,0.5134,-0.009,0.076,0.098,0.0,0,
T2->T1,IXI020-Guys-0700,34,full_skip2,rcrf+unc(w.6/.4),-0.8774,0.9102,3.222,5.15,7.27,2.564,24,18.05
T2->T1,IXI020-Guys-0700,46,full_n4,rcrf+unc(w.6/.4),-0.8422,0.8787,3.142,4.537,5.727,4.148,40,19.56
T2->T1,IXI020-Guys-0700,46,fusion_w1.0,w1=1.0,-0.8302,0.865,3.092,4.108,5.241,4.148,40,
T2->T1,IXI020-Guys-0700,46,fusion_w0.7,w1=0.7,-0.8407,0.8776,3.125,4.508,5.613,4.148,40,
T2->T1,IXI020-Guys-0700,46,fusion_w0.5,w1=0.5,-0.8429,0.8784,3.055,4.571,5.775,4.148,40,
T2->T1,IXI020-Guys-0700,46,fusion_w0.3,w1=0.3,-0.8419,0.8736,2.672,4.472,5.767,4.148,40,
T2->T1,IXI020-Guys-0700,46,fusion_w0.0,w1=0.0,-0.8299,0.8492,1.358,2.619,4.165,4.148,40,
T2->T1,IXI020-Guys-0700,46,rcrf_n1,rcrf(单次推理),-0.8221,0.8617,3.063,4.149,5.246,2.083,20,19.32
T2->T1,IXI020-Guys-0700,46,rcrf_n4,rcrf(4次平均),-0.8302,0.865,3.092,4.108,5.241,4.148,40,
T2->T1,IXI020-Guys-0700,46,unc_n4,unc(集成标准差),-0.8299,0.8492,1.358,2.619,4.165,4.148,40,
T2->T1,IXI020-Guys-0700,46,random,uniform-random,-0.0085,0.4906,-0.04,-0.034,0.022,0.0,0,
T2->T1,IXI020-Guys-0700,46,full_skip2,rcrf+unc(w.6/.4),-0.8421,0.8777,3.328,4.591,5.637,2.672,24,19.2
T2->T1,IXI020-Guys-0700,58,full_n4,rcrf+unc(w.6/.4),-0.7728,0.8264,2.631,3.574,4.367,4.276,40,18.65
T2->T1,IXI020-Guys-0700,58,fusion_w1.0,w1=1.0,-0.7462,0.7996,2.553,3.202,3.691,4.276,40,
T2->T1,IXI020-Guys-0700,58,fusion_w0.7,w1=0.7,-0.7689,0.8234,2.631,3.535,4.314,4.276,40,
T2->T1,IXI020-Guys-0700,58,fusion_w0.5,w1=0.5,-0.7755,0.8276,2.542,3.597,4.383,4.276,40,
T2->T1,IXI020-Guys-0700,58,fusion_w0.3,w1=0.3,-0.7771,0.8251,2.183,3.514,4.476,4.276,40,
T2->T1,IXI020-Guys-0700,58,fusion_w0.0,w1=0.0,-0.7667,0.8014,0.928,1.793,2.764,4.276,40,
T2->T1,IXI020-Guys-0700,58,rcrf_n1,rcrf(单次推理),-0.74,0.7923,2.552,3.127,3.587,2.127,20,18.47
T2->T1,IXI020-Guys-0700,58,rcrf_n4,rcrf(4次平均),-0.7462,0.7996,2.553,3.202,3.691,4.276,40,
T2->T1,IXI020-Guys-0700,58,unc_n4,unc(集成标准差),-0.7667,0.8014,0.928,1.793,2.764,4.276,40,
T2->T1,IXI020-Guys-0700,58,random,uniform-random,-0.0072,0.5075,0.033,0.029,-0.035,0.0,0,
T2->T1,IXI020-Guys-0700,58,full_skip2,rcrf+unc(w.6/.4),-0.7682,0.827,2.858,3.736,4.522,2.638,24,18.47
T2->T1,IXI020-Guys-0700,70,full_n4,rcrf+unc(w.6/.4),-0.716,0.7678,1.728,2.391,2.893,4.17,40,18.86
T2->T1,IXI020-Guys-0700,70,fusion_w1.0,w1=1.0,-0.7015,0.7486,1.642,2.157,2.572,4.17,40,
T2->T1,IXI020-Guys-0700,70,fusion_w0.7,w1=0.7,-0.7139,0.7654,1.721,2.401,2.832,4.17,40,
T2->T1,IXI020-Guys-0700,70,fusion_w0.5,w1=0.5,-0.7171,0.7683,1.739,2.379,2.898,4.17,40,
T2->T1,IXI020-Guys-0700,70,fusion_w0.3,w1=0.3,-0.7164,0.7638,1.365,2.36,2.842,4.17,40,
T2->T1,IXI020-Guys-0700,70,fusion_w0.0,w1=0.0,-0.7038,0.7366,0.692,1.323,1.877,4.17,40,
T2->T1,IXI020-Guys-0700,70,rcrf_n1,rcrf(单次推理),-0.6992,0.7438,1.688,2.129,2.466,2.038,20,18.72
T2->T1,IXI020-Guys-0700,70,rcrf_n4,rcrf(4次平均),-0.7015,0.7486,1.642,2.157,2.572,4.17,40,
T2->T1,IXI020-Guys-0700,70,unc_n4,unc(集成标准差),-0.7038,0.7366,0.692,1.323,1.877,4.17,40,
T2->T1,IXI020-Guys-0700,70,random,uniform-random,0.0154,0.4865,-0.007,0.035,-0.005,0.0,0,
T2->T1,IXI020-Guys-0700,70,full_skip2,rcrf+unc(w.6/.4),-0.7191,0.7655,2.014,2.613,3.03,2.536,24,18.69
T2->T1,IXI020-Guys-0700,82,full_n4,rcrf+unc(w.6/.4),-0.7877,0.821,2.574,3.518,4.419,4.092,40,19.45
T2->T1,IXI020-Guys-0700,82,fusion_w1.0,w1=1.0,-0.7656,0.8045,2.33,3.068,3.978,4.092,40,
T2->T1,IXI020-Guys-0700,82,fusion_w0.7,w1=0.7,-0.7846,0.8195,2.557,3.43,4.386,4.092,40,
T2->T1,IXI020-Guys-0700,82,fusion_w0.5,w1=0.5,-0.7896,0.8209,2.583,3.659,4.471,4.092,40,
T2->T1,IXI020-Guys-0700,82,fusion_w0.3,w1=0.3,-0.7899,0.8163,2.208,3.605,4.513,4.092,40,
T2->T1,IXI020-Guys-0700,82,fusion_w0.0,w1=0.0,-0.7769,0.7881,0.905,1.806,2.862,4.092,40,
T2->T1,IXI020-Guys-0700,82,rcrf_n1,rcrf(单次推理),-0.7564,0.7934,2.331,3.178,3.8,1.858,20,19.33
T2->T1,IXI020-Guys-0700,82,rcrf_n4,rcrf(4次平均),-0.7656,0.8045,2.33,3.068,3.978,4.092,40,
T2->T1,IXI020-Guys-0700,82,unc_n4,unc(集成标准差),-0.7769,0.7881,0.905,1.806,2.862,4.092,40,
T2->T1,IXI020-Guys-0700,82,random,uniform-random,-0.0003,0.5022,-0.03,0.039,0.008,0.0,0,
T2->T1,IXI020-Guys-0700,82,full_skip2,rcrf+unc(w.6/.4),-0.7854,0.8218,2.725,3.668,4.439,2.385,24,19.27
T2->T1,IXI020-Guys-0700,94,full_n4,rcrf+unc(w.6/.4),-0.8381,0.868,3.18,4.414,5.605,3.927,40,20.8
T2->T1,IXI020-Guys-0700,94,fusion_w1.0,w1=1.0,-0.8208,0.8545,2.96,4.014,5.125,3.927,40,
T2->T1,IXI020-Guys-0700,94,fusion_w0.7,w1=0.7,-0.8355,0.8667,3.141,4.366,5.538,3.927,40,
T2->T1,IXI020-Guys-0700,94,fusion_w0.5,w1=0.5,-0.8398,0.8678,3.215,4.464,5.652,3.927,40,
T2->T1,IXI020-Guys-0700,94,fusion_w0.3,w1=0.3,-0.8406,0.8635,2.836,4.506,5.671,3.927,40,
T2->T1,IXI020-Guys-0700,94,fusion_w0.0,w1=0.0,-0.8295,0.838,1.468,2.703,4.105,3.927,40,
T2->T1,IXI020-Guys-0700,94,rcrf_n1,rcrf(单次推理),-0.815,0.856,3.018,4.057,5.071,1.881,20,20.54
T2->T1,IXI020-Guys-0700,94,rcrf_n4,rcrf(4次平均),-0.8208,0.8545,2.96,4.014,5.125,3.927,40,
T2->T1,IXI020-Guys-0700,94,unc_n4,unc(集成标准差),-0.8295,0.838,1.468,2.703,4.105,3.927,40,
T2->T1,IXI020-Guys-0700,94,random,uniform-random,0.0035,0.5046,0.005,0.028,0.027,0.0,0,
T2->T1,IXI020-Guys-0700,94,full_skip2,rcrf+unc(w.6/.4),-0.8362,0.8672,3.376,4.553,5.673,2.319,24,20.5
T2->T1,IXI020-Guys-0700,106,full_n4,rcrf+unc(w.6/.4),-0.8658,0.8841,2.044,3.689,6.291,3.779,40,21.33
T2->T1,IXI020-Guys-0700,106,fusion_w1.0,w1=1.0,-0.8525,0.8708,1.794,3.286,5.536,3.779,40,
T2->T1,IXI020-Guys-0700,106,fusion_w0.7,w1=0.7,-0.8632,0.8822,1.984,3.54,6.192,3.779,40,
T2->T1,IXI020-Guys-0700,106,fusion_w0.5,w1=0.5,-0.8682,0.8852,2.086,3.748,6.308,3.779,40,
T2->T1,IXI020-Guys-0700,106,fusion_w0.3,w1=0.3,-0.872,0.8849,2.216,3.787,5.978,3.779,40,
T2->T1,IXI020-Guys-0700,106,fusion_w0.0,w1=0.0,-0.8701,0.8716,1.953,3.568,5.519,3.779,40,
T2->T1,IXI020-Guys-0700,106,rcrf_n1,rcrf(单次推理),-0.8456,0.8654,1.899,3.347,5.235,1.855,20,21.22
T2->T1,IXI020-Guys-0700,106,rcrf_n4,rcrf(4次平均),-0.8525,0.8708,1.794,3.286,5.536,3.779,40,
T2->T1,IXI020-Guys-0700,106,unc_n4,unc(集成标准差),-0.8701,0.8716,1.953,3.568,5.519,3.779,40,
T2->T1,IXI020-Guys-0700,106,random,uniform-random,-0.0025,0.5088,-0.015,0.058,0.009,0.0,0,
T2->T1,IXI020-Guys-0700,106,full_skip2,rcrf+unc(w.6/.4),-0.8631,0.8891,2.272,3.899,7.273,2.31,24,21.12
T2->T1,IXI020-Guys-0700,118,full_n4,rcrf+unc(w.6/.4),-0.8272,0.9078,2.328,3.772,5.954,3.827,40,22.54
T2->T1,IXI020-Guys-0700,118,fusion_w1.0,w1=1.0,-0.8082,0.8908,1.977,3.063,5.925,3.827,40,
T2->T1,IXI020-Guys-0700,118,fusion_w0.7,w1=0.7,-0.8228,0.9043,2.265,3.567,5.958,3.827,40,
T2->T1,IXI020-Guys-0700,118,fusion_w0.5,w1=0.5,-0.8316,0.9107,2.334,3.949,6.026,3.827,40,
T2->T1,IXI020-Guys-0700,118,fusion_w0.3,w1=0.3,-0.8394,0.9148,2.38,4.254,6.209,3.827,40,
T2->T1,IXI020-Guys-0700,118,fusion_w0.0,w1=0.0,-0.8469,0.9122,2.148,4.255,6.167,3.827,40,
T2->T1,IXI020-Guys-0700,118,rcrf_n1,rcrf(单次推理),-0.7965,0.8872,1.972,3.048,5.543,1.908,20,22.28
T2->T1,IXI020-Guys-0700,118,rcrf_n4,rcrf(4次平均),-0.8082,0.8908,1.977,3.063,5.925,3.827,40,
T2->T1,IXI020-Guys-0700,118,unc_n4,unc(集成标准差),-0.8469,0.9122,2.148,4.255,6.167,3.827,40,
T2->T1,IXI020-Guys-0700,118,random,uniform-random,0.001,0.5026,-0.024,-0.022,0.027,0.0,0,
T2->T1,IXI020-Guys-0700,118,full_skip2,rcrf+unc(w.6/.4),-0.8219,0.9125,2.533,3.966,6.662,2.255,24,22.21
T2->T1,IXI021-Guys-0703,38,full_n4,rcrf+unc(w.6/.4),-0.8305,0.8422,2.207,3.041,3.719,3.801,40,18.71
T2->T1,IXI021-Guys-0703,38,fusion_w1.0,w1=1.0,-0.8087,0.8156,1.705,2.369,2.902,3.801,40,
T2->T1,IXI021-Guys-0703,38,fusion_w0.7,w1=0.7,-0.8268,0.8378,2.135,2.906,3.562,3.801,40,
T2->T1,IXI021-Guys-0703,38,fusion_w0.5,w1=0.5,-0.8332,0.8451,2.228,3.151,3.832,3.801,40,
T2->T1,IXI021-Guys-0703,38,fusion_w0.3,w1=0.3,-0.8354,0.8462,2.253,3.363,3.948,3.801,40,
T2->T1,IXI021-Guys-0703,38,fusion_w0.0,w1=0.0,-0.8199,0.8254,1.472,2.849,3.656,3.801,40,
T2->T1,IXI021-Guys-0703,38,rcrf_n1,rcrf(单次推理),-0.8057,0.8158,1.754,2.296,2.747,1.921,20,18.83
T2->T1,IXI021-Guys-0703,38,rcrf_n4,rcrf(4次平均),-0.8087,0.8156,1.705,2.369,2.902,3.801,40,
T2->T1,IXI021-Guys-0703,38,unc_n4,unc(集成标准差),-0.8199,0.8254,1.472,2.849,3.656,3.801,40,
T2->T1,IXI021-Guys-0703,38,random,uniform-random,-0.0056,0.5043,-0.021,0.02,-0.035,0.0,0,
T2->T1,IXI021-Guys-0703,38,full_skip2,rcrf+unc(w.6/.4),-0.8343,0.8482,2.673,3.503,4.036,2.439,24,18.47
T2->T1,IXI021-Guys-0703,50,full_n4,rcrf+unc(w.6/.4),-0.7868,0.7937,1.354,1.988,2.336,3.869,40,20.05
T2->T1,IXI021-Guys-0703,50,fusion_w1.0,w1=1.0,-0.7719,0.7848,1.27,1.768,2.121,3.869,40,
T2->T1,IXI021-Guys-0703,50,fusion_w0.7,w1=0.7,-0.7848,0.7931,1.349,1.996,2.294,3.869,40,
T2->T1,IXI021-Guys-0703,50,fusion_w0.5,w1=0.5,-0.7879,0.7934,1.372,2.016,2.337,3.869,40,
T2->T1,IXI021-Guys-0703,50,fusion_w0.3,w1=0.3,-0.7873,0.7895,1.291,1.984,2.232,3.869,40,
T2->T1,IXI021-Guys-0703,50,fusion_w0.0,w1=0.0,-0.7729,0.7693,1.063,1.666,1.993,3.869,40,
T2->T1,IXI021-Guys-0703,50,rcrf_n1,rcrf(单次推理),-0.758,0.768,1.284,1.685,1.806,1.882,20,19.85
T2->T1,IXI021-Guys-0703,50,rcrf_n4,rcrf(4次平均),-0.7719,0.7848,1.27,1.768,2.121,3.869,40,
T2->T1,IXI021-Guys-0703,50,unc_n4,unc(集成标准差),-0.7729,0.7693,1.063,1.666,1.993,3.869,40,
T2->T1,IXI021-Guys-0703,50,random,uniform-random,0.0052,0.4915,-0.032,0.078,0.072,0.0,0,
T2->T1,IXI021-Guys-0703,50,full_skip2,rcrf+unc(w.6/.4),-0.7775,0.7863,1.369,1.9,2.136,2.481,24,19.94
T2->T1,IXI021-Guys-0703,62,full_n4,rcrf+unc(w.6/.4),-0.7351,0.7564,0.979,1.523,1.739,3.829,40,19.13
T2->T1,IXI021-Guys-0703,62,fusion_w1.0,w1=1.0,-0.7071,0.7419,0.835,1.3,1.45,3.829,40,
T2->T1,IXI021-Guys-0703,62,fusion_w0.7,w1=0.7,-0.7307,0.7552,0.962,1.519,1.69,3.829,40,
T2->T1,IXI021-Guys-0703,62,fusion_w0.5,w1=0.5,-0.7384,0.7564,0.968,1.53,1.765,3.829,40,
T2->T1,IXI021-Guys-0703,62,fusion_w0.3,w1=0.3,-0.7416,0.7528,0.904,1.465,1.716,3.829,40,
T2->T1,IXI021-Guys-0703,62,fusion_w0.0,w1=0.0,-0.7339,0.7357,0.741,1.243,1.513,3.829,40,
T2->T1,IXI021-Guys-0703,62,rcrf_n1,rcrf(单次推理),-0.6928,0.7365,0.849,1.32,1.464,1.925,20,18.96
T2->T1,IXI021-Guys-0703,62,rcrf_n4,rcrf(4次平均),-0.7071,0.7419,0.835,1.3,1.45,3.829,40,
T2->T1,IXI021-Guys-0703,62,unc_n4,unc(集成标准差),-0.7339,0.7357,0.741,1.243,1.513,3.829,40,
T2->T1,IXI021-Guys-0703,62,random,uniform-random,-0.0098,0.5115,0.046,0.045,0.056,0.0,0,
T2->T1,IXI021-Guys-0703,62,full_skip2,rcrf+unc(w.6/.4),-0.7365,0.7641,1.005,1.619,1.731,2.207,24,19.06
T2->T1,IXI021-Guys-0703,74,full_n4,rcrf+unc(w.6/.4),-0.6638,0.7027,0.541,0.763,0.792,3.89,40,18.18
T2->T1,IXI021-Guys-0703,74,fusion_w1.0,w1=1.0,-0.626,0.6739,0.44,0.496,0.436,3.89,40,
T2->T1,IXI021-Guys-0703,74,fusion_w0.7,w1=0.7,-0.6571,0.6976,0.527,0.674,0.733,3.89,40,
T2->T1,IXI021-Guys-0703,74,fusion_w0.5,w1=0.5,-0.669,0.7066,0.546,0.793,0.826,3.89,40,
T2->T1,IXI021-Guys-0703,74,fusion_w0.3,w1=0.3,-0.675,0.7106,0.554,0.804,0.908,3.89,40,
T2->T1,IXI021-Guys-0703,74,fusion_w0.0,w1=0.0,-0.6717,0.7058,0.505,0.754,0.852,3.89,40,
T2->T1,IXI021-Guys-0703,74,rcrf_n1,rcrf(单次推理),-0.617,0.6669,0.394,0.41,0.37,1.977,20,18.11
T2->T1,IXI021-Guys-0703,74,rcrf_n4,rcrf(4次平均),-0.626,0.6739,0.44,0.496,0.436,3.89,40,
T2->T1,IXI021-Guys-0703,74,unc_n4,unc(集成标准差),-0.6717,0.7058,0.505,0.754,0.852,3.89,40,
T2->T1,IXI021-Guys-0703,74,random,uniform-random,-0.0111,0.5042,0.019,-0.008,-0.07,0.0,0,
T2->T1,IXI021-Guys-0703,74,full_skip2,rcrf+unc(w.6/.4),-0.6556,0.7028,0.641,0.823,0.762,2.391,24,18.16
T2->T1,IXI021-Guys-0703,86,full_n4,rcrf+unc(w.6/.4),-0.7075,0.7228,0.731,0.976,0.926,3.996,40,18.5
T2->T1,IXI021-Guys-0703,86,fusion_w1.0,w1=1.0,-0.6637,0.6977,0.547,0.689,0.682,3.996,40,
T2->T1,IXI021-Guys-0703,86,fusion_w0.7,w1=0.7,-0.7001,0.7194,0.687,0.937,0.909,3.996,40,
T2->T1,IXI021-Guys-0703,86,fusion_w0.5,w1=0.5,-0.7131,0.7249,0.713,0.968,1.001,3.996,40,
T2->T1,IXI021-Guys-0703,86,fusion_w0.3,w1=0.3,-0.7189,0.725,0.696,0.95,1.029,3.996,40,
T2->T1,IXI021-Guys-0703,86,fusion_w0.0,w1=0.0,-0.7106,0.7134,0.548,0.79,0.869,3.996,40,
T2->T1,IXI021-Guys-0703,86,rcrf_n1,rcrf(单次推理),-0.6488,0.6818,0.522,0.603,0.558,2.006,20,18.36
T2->T1,IXI021-Guys-0703,86,rcrf_n4,rcrf(4次平均),-0.6637,0.6977,0.547,0.689,0.682,3.996,40,
T2->T1,IXI021-Guys-0703,86,unc_n4,unc(集成标准差),-0.7106,0.7134,0.548,0.79,0.869,3.996,40,
T2->T1,IXI021-Guys-0703,86,random,uniform-random,-0.0021,0.4973,-0.015,-0.059,-0.095,0.0,0,
T2->T1,IXI021-Guys-0703,86,full_skip2,rcrf+unc(w.6/.4),-0.7059,0.7293,0.799,1.052,1.148,2.376,24,18.36
T2->T1,IXI021-Guys-0703,98,full_n4,rcrf+unc(w.6/.4),-0.7593,0.7628,0.869,1.284,1.352,3.993,40,19.89
T2->T1,IXI021-Guys-0703,98,fusion_w1.0,w1=1.0,-0.7319,0.7452,0.757,1.122,1.15,3.993,40,
T2->T1,IXI021-Guys-0703,98,fusion_w0.7,w1=0.7,-0.7548,0.7609,0.848,1.287,1.325,3.993,40,
T2->T1,IXI021-Guys-0703,98,fusion_w0.5,w1=0.5,-0.7629,0.7636,0.882,1.271,1.351,3.993,40,
T2->T1,IXI021-Guys-0703,98,fusion_w0.3,w1=0.3,-0.7665,0.7618,0.866,1.233,1.357,3.993,40,
T2->T1,IXI021-Guys-0703,98,fusion_w0.0,w1=0.0,-0.759,0.7458,0.71,1.027,1.159,3.993,40,
T2->T1,IXI021-Guys-0703,98,rcrf_n1,rcrf(单次推理),-0.7215,0.7397,0.819,1.168,1.182,1.99,20,19.63
T2->T1,IXI021-Guys-0703,98,rcrf_n4,rcrf(4次平均),-0.7319,0.7452,0.757,1.122,1.15,3.993,40,
T2->T1,IXI021-Guys-0703,98,unc_n4,unc(集成标准差),-0.759,0.7458,0.71,1.027,1.159,3.993,40,
T2->T1,IXI021-Guys-0703,98,random,uniform-random,-0.0018,0.5087,-0.023,0.047,-0.021,0.0,0,
T2->T1,IXI021-Guys-0703,98,full_skip2,rcrf+unc(w.6/.4),-0.7601,0.7671,0.97,1.554,1.555,2.372,24,19.76
T2->T1,IXI021-Guys-0703,110,full_n4,rcrf+unc(w.6/.4),-0.7931,0.7692,1.044,1.373,1.682,3.995,40,18.87
T2->T1,IXI021-Guys-0703,110,fusion_w1.0,w1=1.0,-0.7745,0.7535,0.895,1.213,1.413,3.995,40,
T2->T1,IXI021-Guys-0703,110,fusion_w0.7,w1=0.7,-0.7897,0.7668,1.024,1.38,1.65,3.995,40,
T2->T1,IXI021-Guys-0703,110,fusion_w0.5,w1=0.5,-0.7957,0.7706,1.095,1.377,1.708,3.995,40,
T2->T1,IXI021-Guys-0703,110,fusion_w0.3,w1=0.3,-0.7986,0.7705,1.038,1.444,1.701,3.995,40,
T2->T1,IXI021-Guys-0703,110,fusion_w0.0,w1=0.0,-0.793,0.758,0.842,1.262,1.483,3.995,40,
T2->T1,IXI021-Guys-0703,110,rcrf_n1,rcrf(单次推理),-0.7647,0.7436,0.866,1.178,1.287,1.913,20,18.61
T2->T1,IXI021-Guys-0703,110,rcrf_n4,rcrf(4次平均),-0.7745,0.7535,0.895,1.213,1.413,3.995,40,
T2->T1,IXI021-Guys-0703,110,unc_n4,unc(集成标准差),-0.793,0.758,0.842,1.262,1.483,3.995,40,
T2->T1,IXI021-Guys-0703,110,random,uniform-random,0.0082,0.4978,0.015,0.034,0.04,0.0,0,
T2->T1,IXI021-Guys-0703,110,full_skip2,rcrf+unc(w.6/.4),-0.7897,0.7696,1.131,1.424,1.709,2.36,24,18.78
T2->T1,IXI022-Guys-0701,22,full_n4,rcrf+unc(w.6/.4),-0.8496,0.8483,1.557,2.978,4.958,3.746,40,19.87
T2->T1,IXI022-Guys-0701,22,fusion_w1.0,w1=1.0,-0.8355,0.842,1.243,2.879,4.536,3.746,40,
T2->T1,IXI022-Guys-0701,22,fusion_w0.7,w1=0.7,-0.8471,0.8476,1.49,2.96,4.767,3.746,40,
T2->T1,IXI022-Guys-0701,22,fusion_w0.5,w1=0.5,-0.8518,0.8485,1.595,2.955,5.096,3.746,40,
T2->T1,IXI022-Guys-0701,22,fusion_w0.3,w1=0.3,-0.8544,0.8474,1.581,3.037,5.137,3.746,40,
T2->T1,IXI022-Guys-0701,22,fusion_w0.0,w1=0.0,-0.8454,0.841,1.425,3.002,4.882,3.746,40,
T2->T1,IXI022-Guys-0701,22,rcrf_n1,rcrf(单次推理),-0.8248,0.8314,1.059,2.442,4.221,1.922,20,19.67
T2->T1,IXI022-Guys-0701,22,rcrf_n4,rcrf(4次平均),-0.8355,0.842,1.243,2.879,4.536,3.746,40,
T2->T1,IXI022-Guys-0701,22,unc_n4,unc(集成标准差),-0.8454,0.841,1.425,3.002,4.882,3.746,40,
T2->T1,IXI022-Guys-0701,22,random,uniform-random,0.0123,0.4883,-0.06,-0.053,-0.017,0.0,0,
T2->T1,IXI022-Guys-0701,22,full_skip2,rcrf+unc(w.6/.4),-0.8376,0.8509,1.72,3.376,5.119,2.409,24,19.75
T2->T1,IXI022-Guys-0701,34,full_n4,rcrf+unc(w.6/.4),-0.8109,0.8124,1.448,2.495,3.787,3.952,40,19.53
T2->T1,IXI022-Guys-0701,34,fusion_w1.0,w1=1.0,-0.7904,0.7915,1.219,2.034,3.151,3.952,40,
T2->T1,IXI022-Guys-0701,34,fusion_w0.7,w1=0.7,-0.8064,0.8082,1.412,2.358,3.593,3.952,40,
T2->T1,IXI022-Guys-0701,34,fusion_w0.5,w1=0.5,-0.8149,0.816,1.5,2.598,3.84,3.952,40,
T2->T1,IXI022-Guys-0701,34,fusion_w0.3,w1=0.3,-0.822,0.8213,1.454,2.867,4.101,3.952,40,
T2->T1,IXI022-Guys-0701,34,fusion_w0.0,w1=0.0,-0.8249,0.8225,1.198,2.775,3.908,3.952,40,
T2->T1,IXI022-Guys-0701,34,rcrf_n1,rcrf(单次推理),-0.7779,0.7782,1.132,1.966,2.799,1.932,20,19.4
T2->T1,IXI022-Guys-0701,34,rcrf_n4,rcrf(4次平均),-0.7904,0.7915,1.219,2.034,3.151,3.952,40,
T2->T1,IXI022-Guys-0701,34,unc_n4,unc(集成标准差),-0.8249,0.8225,1.198,2.775,3.908,3.952,40,
T2->T1,IXI022-Guys-0701,34,random,uniform-random,-0.0025,0.5085,0.008,0.028,0.027,0.0,0,
T2->T1,IXI022-Guys-0701,34,full_skip2,rcrf+unc(w.6/.4),-0.7981,0.8029,1.416,2.428,3.309,2.412,24,19.25
T2->T1,IXI022-Guys-0701,46,full_n4,rcrf+unc(w.6/.4),-0.7888,0.8422,2.362,3.565,4.735,3.933,40,19.33
T2->T1,IXI022-Guys-0701,46,fusion_w1.0,w1=1.0,-0.7892,0.8334,2.518,3.381,4.065,3.933,40,
T2->T1,IXI022-Guys-0701,46,fusion_w0.7,w1=0.7,-0.7921,0.8445,2.457,3.57,4.686,3.933,40,
T2->T1,IXI022-Guys-0701,46,fusion_w0.5,w1=0.5,-0.7843,0.838,2.295,3.508,4.728,3.933,40,
T2->T1,IXI022-Guys-0701,46,fusion_w0.3,w1=0.3,-0.7716,0.8238,2.034,3.183,4.431,3.933,40,
T2->T1,IXI022-Guys-0701,46,fusion_w0.0,w1=0.0,-0.7395,0.7797,1.091,2.192,3.24,3.933,40,
T2->T1,IXI022-Guys-0701,46,rcrf_n1,rcrf(单次推理),-0.7921,0.8403,2.586,3.391,3.935,1.968,20,19.03
T2->T1,IXI022-Guys-0701,46,rcrf_n4,rcrf(4次平均),-0.7892,0.8334,2.518,3.381,4.065,3.933,40,
T2->T1,IXI022-Guys-0701,46,unc_n4,unc(集成标准差),-0.7395,0.7797,1.091,2.192,3.24,3.933,40,
T2->T1,IXI022-Guys-0701,46,random,uniform-random,-0.0086,0.5098,0.039,0.038,0.003,0.0,0,
T2->T1,IXI022-Guys-0701,46,full_skip2,rcrf+unc(w.6/.4),-0.7946,0.8369,2.634,3.686,4.418,2.442,24,19.11
T2->T1,IXI022-Guys-0701,58,full_n4,rcrf+unc(w.6/.4),-0.6751,0.7048,0.86,1.355,1.771,4.088,40,19.12
T2->T1,IXI022-Guys-0701,58,fusion_w1.0,w1=1.0,-0.6636,0.6858,0.817,1.078,1.31,4.088,40,
T2->T1,IXI022-Guys-0701,58,fusion_w0.7,w1=0.7,-0.6741,0.7012,0.873,1.285,1.681,4.088,40,
T2->T1,IXI022-Guys-0701,58,fusion_w0.5,w1=0.5,-0.6744,0.7071,0.84,1.43,1.805,4.088,40,
T2->T1,IXI022-Guys-0701,58,fusion_w0.3,w1=0.3,-0.6669,0.7076,0.754,1.445,1.892,4.088,40,
T2->T1,IXI022-Guys-0701,58,fusion_w0.0,w1=0.0,-0.6313,0.6911,0.573,1.099,1.738,4.088,40,
T2->T1,IXI022-Guys-0701,58,rcrf_n1,rcrf(单次推理),-0.6678,0.6897,0.834,1.194,1.403,1.966,20,18.87
T2->T1,IXI022-Guys-0701,58,rcrf_n4,rcrf(4次平均),-0.6636,0.6858,0.817,1.078,1.31,4.088,40,
T2->T1,IXI022-Guys-0701,58,unc_n4,unc(集成标准差),-0.6313,0.6911,0.573,1.099,1.738,4.088,40,
T2->T1,IXI022-Guys-0701,58,random,uniform-random,0.0062,0.5052,-0.004,0.022,0.049,0.0,0,
T2->T1,IXI022-Guys-0701,58,full_skip2,rcrf+unc(w.6/.4),-0.6803,0.7117,1.006,1.497,1.827,2.289,24,19.04
T2->T1,IXI022-Guys-0701,70,full_n4,rcrf+unc(w.6/.4),-0.5634,0.6325,0.267,0.549,0.809,3.931,40,18.98
T2->T1,IXI022-Guys-0701,70,fusion_w1.0,w1=1.0,-0.5391,0.6107,0.221,0.419,0.678,3.931,40,
T2->T1,IXI022-Guys-0701,70,fusion_w0.7,w1=0.7,-0.5577,0.6277,0.256,0.542,0.77,3.931,40,
T2->T1,IXI022-Guys-0701,70,fusion_w0.5,w1=0.5,-0.5691,0.6369,0.289,0.554,0.816,3.931,40,
T2->T1,IXI022-Guys-0701,70,fusion_w0.3,w1=0.3,-0.5806,0.6443,0.319,0.546,0.863,3.931,40,
T2->T1,IXI022-Guys-0701,70,fusion_w0.0,w1=0.0,-0.5978,0.6521,0.297,0.571,0.876,3.931,40,
T2->T1,IXI022-Guys-0701,70,rcrf_n1,rcrf(单次推理),-0.5324,0.6184,0.275,0.454,0.675,1.938,20,18.66
T2->T1,IXI022-Guys-0701,70,rcrf_n4,rcrf(4次平均),-0.5391,0.6107,0.221,0.419,0.678,3.931,40,
T2->T1,IXI022-Guys-0701,70,unc_n4,unc(集成标准差),-0.5978,0.6521,0.297,0.571,0.876,3.931,40,
T2->T1,IXI022-Guys-0701,70,random,uniform-random,0.0163,0.4912,-0.021,0.024,0.008,0.0,0,
T2->T1,IXI022-Guys-0701,70,full_skip2,rcrf+unc(w.6/.4),-0.5476,0.6172,0.257,0.475,0.615,2.346,24,19.06
T2->T1,IXI022-Guys-0701,82,full_n4,rcrf+unc(w.6/.4),-0.682,0.6951,0.757,1.312,1.719,3.926,40,18.64
T2->T1,IXI022-Guys-0701,82,fusion_w1.0,w1=1.0,-0.6648,0.6805,0.812,1.2,1.321,3.926,40,
T2->T1,IXI022-Guys-0701,82,fusion_w0.7,w1=0.7,-0.6798,0.6929,0.773,1.317,1.608,3.926,40,
T2->T1,IXI022-Guys-0701,82,fusion_w0.5,w1=0.5,-0.6829,0.6959,0.73,1.249,1.79,3.926,40,
T2->T1,IXI022-Guys-0701,82,fusion_w0.3,w1=0.3,-0.6797,0.6932,0.606,1.195,1.761,3.926,40,
T2->T1,IXI022-Guys-0701,82,fusion_w0.0,w1=0.0,-0.6522,0.6709,0.345,0.853,1.468,3.926,40,
T2->T1,IXI022-Guys-0701,82,rcrf_n1,rcrf(单次推理),-0.6644,0.6812,0.875,1.251,1.418,1.891,20,18.41
T2->T1,IXI022-Guys-0701,82,rcrf_n4,rcrf(4次平均),-0.6648,0.6805,0.812,1.2,1.321,3.926,40,
T2->T1,IXI022-Guys-0701,82,unc_n4,unc(集成标准差),-0.6522,0.6709,0.345,0.853,1.468,3.926,40,
T2->T1,IXI022-Guys-0701,82,random,uniform-random,0.0061,0.4989,-0.009,-0.023,-0.07,0.0,0,
T2->T1,IXI022-Guys-0701,82,full_skip2,rcrf+unc(w.6/.4),-0.6767,0.7013,0.791,1.369,1.709,2.375,24,18.61
T2->T1,IXI022-Guys-0701,94,full_n4,rcrf+unc(w.6/.4),-0.7762,0.7923,1.444,2.496,3.352,3.755,40,20.3
T2->T1,IXI022-Guys-0701,94,fusion_w1.0,w1=1.0,-0.756,0.7751,1.469,2.267,2.723,3.755,40,
T2->T1,IXI022-Guys-0701,94,fusion_w0.7,w1=0.7,-0.7732,0.7909,1.429,2.459,3.25,3.755,40,
T2->T1,IXI022-Guys-0701,94,fusion_w0.5,w1=0.5,-0.7781,0.7921,1.432,2.387,3.386,3.755,40,
T2->T1,IXI022-Guys-0701,94,fusion_w0.3,w1=0.3,-0.7784,0.7871,1.345,2.3,3.202,3.755,40,
T2->T1,IXI022-Guys-0701,94,fusion_w0.0,w1=0.0,-0.7659,0.7648,1.15,2.006,2.763,3.755,40,
T2->T1,IXI022-Guys-0701,94,rcrf_n1,rcrf(单次推理),-0.7553,0.7748,1.518,2.356,2.71,1.915,20,20.08
T2->T1,IXI022-Guys-0701,94,rcrf_n4,rcrf(4次平均),-0.756,0.7751,1.469,2.267,2.723,3.755,40,
T2->T1,IXI022-Guys-0701,94,unc_n4,unc(集成标准差),-0.7659,0.7648,1.15,2.006,2.763,3.755,40,
T2->T1,IXI022-Guys-0701,94,random,uniform-random,0.0069,0.4949,-0.037,0.007,-0.001,0.0,0,
T2->T1,IXI022-Guys-0701,94,full_skip2,rcrf+unc(w.6/.4),-0.7632,0.7816,1.53,2.389,3.162,2.38,24,20.24
T2->T1,IXI022-Guys-0701,106,full_n4,rcrf+unc(w.6/.4),-0.8108,0.8065,1.296,2.306,2.925,3.82,40,19.89
T2->T1,IXI022-Guys-0701,106,fusion_w1.0,w1=1.0,-0.7875,0.7796,1.163,1.85,2.435,3.82,40,
T2->T1,IXI022-Guys-0701,106,fusion_w0.7,w1=0.7,-0.8063,0.8016,1.329,2.224,2.847,3.82,40,
T2->T1,IXI022-Guys-0701,106,fusion_w0.5,w1=0.5,-0.8146,0.8104,1.234,2.421,3.009,3.82,40,
T2->T1,IXI022-Guys-0701,106,fusion_w0.3,w1=0.3,-0.8199,0.8146,1.198,2.542,3.153,3.82,40,
T2->T1,IXI022-Guys-0701,106,fusion_w0.0,w1=0.0,-0.8149,0.8055,0.986,2.106,2.989,3.82,40,
T2->T1,IXI022-Guys-0701,106,rcrf_n1,rcrf(单次推理),-0.776,0.766,1.122,1.629,2.06,1.884,20,19.72
T2->T1,IXI022-Guys-0701,106,rcrf_n4,rcrf(4次平均),-0.7875,0.7796,1.163,1.85,2.435,3.82,40,
T2->T1,IXI022-Guys-0701,106,unc_n4,unc(集成标准差),-0.8149,0.8055,0.986,2.106,2.989,3.82,40,
T2->T1,IXI022-Guys-0701,106,random,uniform-random,0.0046,0.5053,-0.01,0.026,0.045,0.0,0,
T2->T1,IXI022-Guys-0701,106,full_skip2,rcrf+unc(w.6/.4),-0.7998,0.7975,1.392,2.5,2.933,2.245,24,19.59
T2->T1,IXI022-Guys-0701,118,full_n4,rcrf+unc(w.6/.4),-0.84,0.8609,1.805,2.99,4.365,3.817,40,21.5
T2->T1,IXI022-Guys-0701,118,fusion_w1.0,w1=1.0,-0.8265,0.8547,1.828,2.905,4.52,3.817,40,
T2->T1,IXI022-Guys-0701,118,fusion_w0.7,w1=0.7,-0.8374,0.8601,1.842,2.977,4.507,3.817,40,
T2->T1,IXI022-Guys-0701,118,fusion_w0.5,w1=0.5,-0.8422,0.8612,1.801,2.938,4.35,3.817,40,
T2->T1,IXI022-Guys-0701,118,fusion_w0.3,w1=0.3,-0.845,0.8599,1.519,2.833,4.005,3.817,40,
T2->T1,IXI022-Guys-0701,118,fusion_w0.0,w1=0.0,-0.825,0.8418,1.292,2.424,3.399,3.817,40,
T2->T1,IXI022-Guys-0701,118,rcrf_n1,rcrf(单次推理),-0.8178,0.8535,1.787,3.059,4.654,1.931,20,21.26
T2->T1,IXI022-Guys-0701,118,rcrf_n4,rcrf(4次平均),-0.8265,0.8547,1.828,2.905,4.52,3.817,40,
T2->T1,IXI022-Guys-0701,118,unc_n4,unc(集成标准差),-0.825,0.8418,1.292,2.424,3.399,3.817,40,
T2->T1,IXI022-Guys-0701,118,random,uniform-random,0.0078,0.4941,0.062,0.16,0.148,0.0,0,
T2->T1,IXI022-Guys-0701,118,full_skip2,rcrf+unc(w.6/.4),-0.831,0.8608,2.025,3.206,4.816,2.463,24,21.3
T2->T1,IXI023-Guys-0699,32,full_n4,rcrf+unc(w.6/.4),-0.8067,0.8131,1.065,1.589,1.705,3.905,40,20.35
T2->T1,IXI023-Guys-0699,32,fusion_w1.0,w1=1.0,-0.7911,0.7912,0.874,1.251,1.432,3.905,40,
T2->T1,IXI023-Guys-0699,32,fusion_w0.7,w1=0.7,-0.803,0.8082,1.006,1.495,1.636,3.905,40,
T2->T1,IXI023-Guys-0699,32,fusion_w0.5,w1=0.5,-0.8104,0.8176,1.112,1.644,1.794,3.905,40,
T2->T1,IXI023-Guys-0699,32,fusion_w0.3,w1=0.3,-0.818,0.8258,1.176,1.744,2.198,3.905,40,
T2->T1,IXI023-Guys-0699,32,fusion_w0.0,w1=0.0,-0.8258,0.8323,1.221,1.925,2.411,3.905,40,
T2->T1,IXI023-Guys-0699,32,rcrf_n1,rcrf(单次推理),-0.7857,0.7819,0.879,1.171,1.485,1.795,20,20.29
T2->T1,IXI023-Guys-0699,32,rcrf_n4,rcrf(4次平均),-0.7911,0.7912,0.874,1.251,1.432,3.905,40,
T2->T1,IXI023-Guys-0699,32,unc_n4,unc(集成标准差),-0.8258,0.8323,1.221,1.925,2.411,3.905,40,
T2->T1,IXI023-Guys-0699,32,random,uniform-random,-0.0096,0.4999,0.008,0.015,0.001,0.0,0,
T2->T1,IXI023-Guys-0699,32,full_skip2,rcrf+unc(w.6/.4),-0.7951,0.8078,1.215,1.851,2.163,2.244,24,20.42
T2->T1,IXI023-Guys-0699,44,full_n4,rcrf+unc(w.6/.4),-0.8426,0.8842,1.987,4.114,6.919,3.692,40,22.01
T2->T1,IXI023-Guys-0699,44,fusion_w1.0,w1=1.0,-0.8274,0.8682,1.685,3.411,6.212,3.692,40,
T2->T1,IXI023-Guys-0699,44,fusion_w0.7,w1=0.7,-0.8399,0.8822,1.926,4.062,6.93,3.692,40,
T2->T1,IXI023-Guys-0699,44,fusion_w0.5,w1=0.5,-0.8449,0.8854,2.001,4.134,6.722,3.692,40,
T2->T1,IXI023-Guys-0699,44,fusion_w0.3,w1=0.3,-0.8478,0.885,2.138,4.262,6.436,3.692,40,
T2->T1,IXI023-Guys-0699,44,fusion_w0.0,w1=0.0,-0.8459,0.8759,2.101,4.115,6.136,3.692,40,
T2->T1,IXI023-Guys-0699,44,rcrf_n1,rcrf(单次推理),-0.8194,0.8619,1.657,3.424,5.728,1.935,20,21.91
T2->T1,IXI023-Guys-0699,44,rcrf_n4,rcrf(4次平均),-0.8274,0.8682,1.685,3.411,6.212,3.692,40,
T2->T1,IXI023-Guys-0699,44,unc_n4,unc(集成标准差),-0.8459,0.8759,2.101,4.115,6.136,3.692,40,
T2->T1,IXI023-Guys-0699,44,random,uniform-random,0.0068,0.4985,-0.003,-0.049,-0.067,0.0,0,
T2->T1,IXI023-Guys-0699,44,full_skip2,rcrf+unc(w.6/.4),-0.8396,0.8792,2.31,4.168,6.121,2.291,24,21.86
T2->T1,IXI023-Guys-0699,56,full_n4,rcrf+unc(w.6/.4),-0.7614,0.7727,0.997,1.848,2.304,3.859,40,19.98
T2->T1,IXI023-Guys-0699,56,fusion_w1.0,w1=1.0,-0.7493,0.7464,0.844,1.544,1.791,3.859,40,
T2->T1,IXI023-Guys-0699,56,fusion_w0.7,w1=0.7,-0.7597,0.7684,0.969,1.88,2.22,3.859,40,
T2->T1,IXI023-Guys-0699,56,fusion_w0.5,w1=0.5,-0.7626,0.776,1.031,1.804,2.373,3.859,40,
T2->T1,IXI023-Guys-0699,56,fusion_w0.3,w1=0.3,-0.7633,0.7793,1.044,1.843,2.366,3.859,40,
T2->T1,IXI023-Guys-0699,56,fusion_w0.0,w1=0.0,-0.7595,0.7747,0.993,1.75,2.165,3.859,40,
T2->T1,IXI023-Guys-0699,56,rcrf_n1,rcrf(单次推理),-0.7493,0.7473,0.931,1.57,1.865,1.899,20,19.81
T2->T1,IXI023-Guys-0699,56,rcrf_n4,rcrf(4次平均),-0.7493,0.7464,0.844,1.544,1.791,3.859,40,
T2->T1,IXI023-Guys-0699,56,unc_n4,unc(集成标准差),-0.7595,0.7747,0.993,1.75,2.165,3.859,40,
T2->T1,IXI023-Guys-0699,56,random,uniform-random,0.0187,0.4934,-0.006,0.033,-0.016,0.0,0,
T2->T1,IXI023-Guys-0699,56,full_skip2,rcrf+unc(w.6/.4),-0.7579,0.7805,1.176,2.157,2.361,2.254,24,19.91
T2->T1,IXI023-Guys-0699,68,full_n4,rcrf+unc(w.6/.4),-0.7401,0.7664,0.895,1.371,1.669,3.819,40,20.74
T2->T1,IXI023-Guys-0699,68,fusion_w1.0,w1=1.0,-0.719,0.7455,0.726,1.097,1.398,3.819,40,
T2->T1,IXI023-Guys-0699,68,fusion_w0.7,w1=0.7,-0.7361,0.763,0.878,1.314,1.652,3.819,40,
T2->T1,IXI023-Guys-0699,68,fusion_w0.5,w1=0.5,-0.7433,0.7686,0.962,1.435,1.697,3.819,40,
T2->T1,IXI023-Guys-0699,68,fusion_w0.3,w1=0.3,-0.7478,0.7696,0.996,1.503,1.772,3.819,40,
T2->T1,IXI023-Guys-0699,68,fusion_w0.0,w1=0.0,-0.7458,0.7584,0.874,1.462,1.659,3.819,40,
T2->T1,IXI023-Guys-0699,68,rcrf_n1,rcrf(单次推理),-0.7189,0.7409,0.806,1.144,1.5,1.878,20,20.61
T2->T1,IXI023-Guys-0699,68,rcrf_n4,rcrf(4次平均),-0.719,0.7455,0.726,1.097,1.398,3.819,40,
T2->T1,IXI023-Guys-0699,68,unc_n4,unc(集成标准差),-0.7458,0.7584,0.874,1.462,1.659,3.819,40,
T2->T1,IXI023-Guys-0699,68,random,uniform-random,0.002,0.5032,0.076,0.123,0.097,0.0,0,
T2->T1,IXI023-Guys-0699,68,full_skip2,rcrf+unc(w.6/.4),-0.7466,0.7655,0.941,1.441,1.633,2.239,24,20.63
T2->T1,IXI023-Guys-0699,80,full_n4,rcrf+unc(w.6/.4),-0.7737,0.7915,1.079,1.872,2.372,3.812,40,21.69
T2->T1,IXI023-Guys-0699,80,fusion_w1.0,w1=1.0,-0.7649,0.7686,0.829,1.653,2.02,3.812,40,
T2->T1,IXI023-Guys-0699,80,fusion_w0.7,w1=0.7,-0.7724,0.7877,1.036,1.923,2.321,3.812,40,
T2->T1,IXI023-Guys-0699,80,fusion_w0.5,w1=0.5,-0.7744,0.7944,1.128,1.815,2.419,3.812,40,
T2->T1,IXI023-Guys-0699,80,fusion_w0.3,w1=0.3,-0.7739,0.7968,1.171,1.874,2.4,3.812,40,
T2->T1,IXI023-Guys-0699,80,fusion_w0.0,w1=0.0,-0.7664,0.7892,1.184,1.769,2.044,3.812,40,
T2->T1,IXI023-Guys-0699,80,rcrf_n1,rcrf(单次推理),-0.7558,0.7564,0.807,1.584,1.771,1.832,20,21.52
T2->T1,IXI023-Guys-0699,80,rcrf_n4,rcrf(4次平均),-0.7649,0.7686,0.829,1.653,2.02,3.812,40,
T2->T1,IXI023-Guys-0699,80,unc_n4,unc(集成标准差),-0.7664,0.7892,1.184,1.769,2.044,3.812,40,
T2->T1,IXI023-Guys-0699,80,random,uniform-random,-0.0081,0.4934,-0.059,-0.018,-0.098,0.0,0,
T2->T1,IXI023-Guys-0699,80,full_skip2,rcrf+unc(w.6/.4),-0.7701,0.7954,1.127,2.039,2.376,2.348,24,21.67
T2->T1,IXI023-Guys-0699,92,full_n4,rcrf+unc(w.6/.4),-0.803,0.8178,1.418,2.562,3.271,3.809,40,19.29
T2->T1,IXI023-Guys-0699,92,fusion_w1.0,w1=1.0,-0.7874,0.7981,1.113,2.361,2.874,3.809,40,
T2->T1,IXI023-Guys-0699,92,fusion_w0.7,w1=0.7,-0.7998,0.8142,1.394,2.547,3.184,3.809,40,
T2->T1,IXI023-Guys-0699,92,fusion_w0.5,w1=0.5,-0.8058,0.8208,1.483,2.588,3.349,3.809,40,
T2->T1,IXI023-Guys-0699,92,fusion_w0.3,w1=0.3,-0.8109,0.8253,1.556,2.696,3.435,3.809,40,
T2->T1,IXI023-Guys-0699,92,fusion_w0.0,w1=0.0,-0.8162,0.8272,1.501,2.643,3.407,3.809,40,
T2->T1,IXI023-Guys-0699,92,rcrf_n1,rcrf(单次推理),-0.7759,0.7876,1.183,2.169,2.764,1.927,20,19.18
T2->T1,IXI023-Guys-0699,92,rcrf_n4,rcrf(4次平均),-0.7874,0.7981,1.113,2.361,2.874,3.809,40,
T2->T1,IXI023-Guys-0699,92,unc_n4,unc(集成标准差),-0.8162,0.8272,1.501,2.643,3.407,3.809,40,
T2->T1,IXI023-Guys-0699,92,random,uniform-random,0.004,0.5064,0.02,-0.006,0.05,0.0,0,
T2->T1,IXI023-Guys-0699,92,full_skip2,rcrf+unc(w.6/.4),-0.7955,0.8233,1.655,2.849,3.519,2.297,24,19.11
T2->T1,IXI023-Guys-0699,104,full_n4,rcrf+unc(w.6/.4),-0.8188,0.8503,1.697,2.274,3.046,3.703,40,20.47
T2->T1,IXI023-Guys-0699,104,fusion_w1.0,w1=1.0,-0.8055,0.8371,1.234,1.917,2.767,3.703,40,
T2->T1,IXI023-Guys-0699,104,fusion_w0.7,w1=0.7,-0.816,0.8478,1.66,2.143,3.06,3.703,40,
T2->T1,IXI023-Guys-0699,104,fusion_w0.5,w1=0.5,-0.8215,0.8523,1.707,2.343,3.139,3.703,40,
T2->T1,IXI023-Guys-0699,104,fusion_w0.3,w1=0.3,-0.8253,0.8548,1.78,2.512,3.156,3.703,40,
T2->T1,IXI023-Guys-0699,104,fusion_w0.0,w1=0.0,-0.8204,0.8549,1.839,2.74,3.27,3.703,40,
T2->T1,IXI023-Guys-0699,104,rcrf_n1,rcrf(单次推理),-0.7977,0.8251,1.207,1.723,2.696,1.89,20,20.2
T2->T1,IXI023-Guys-0699,104,rcrf_n4,rcrf(4次平均),-0.8055,0.8371,1.234,1.917,2.767,3.703,40,
T2->T1,IXI023-Guys-0699,104,unc_n4,unc(集成标准差),-0.8204,0.8549,1.839,2.74,3.27,3.703,40,
T2->T1,IXI023-Guys-0699,104,random,uniform-random,-0.0026,0.5072,0.085,0.062,0.108,0.0,0,
T2->T1,IXI023-Guys-0699,104,full_skip2,rcrf+unc(w.6/.4),-0.8091,0.849,1.816,2.39,3.283,2.276,24,20.52
T2->T1,IXI024-Guys-0705,33,full_n4,rcrf+unc(w.6/.4),-0.8608,0.8851,2.826,4.56,6.67,3.759,40,20.81
T2->T1,IXI024-Guys-0705,33,fusion_w1.0,w1=1.0,-0.843,0.8716,2.486,4.044,6.012,3.759,40,
T2->T1,IXI024-Guys-0705,33,fusion_w0.7,w1=0.7,-0.8574,0.8825,2.798,4.448,6.552,3.759,40,
T2->T1,IXI024-Guys-0705,33,fusion_w0.5,w1=0.5,-0.8636,0.8873,2.896,4.653,6.759,3.759,40,
T2->T1,IXI024-Guys-0705,33,fusion_w0.3,w1=0.3,-0.8672,0.8905,3.019,4.824,6.875,3.759,40,
T2->T1,IXI024-Guys-0705,33,fusion_w0.0,w1=0.0,-0.8606,0.8881,2.47,4.627,6.764,3.759,40,
T2->T1,IXI024-Guys-0705,33,rcrf_n1,rcrf(单次推理),-0.8391,0.8657,2.31,3.944,5.849,1.882,20,20.54
T2->T1,IXI024-Guys-0705,33,rcrf_n4,rcrf(4次平均),-0.843,0.8716,2.486,4.044,6.012,3.759,40,
T2->T1,IXI024-Guys-0705,33,unc_n4,unc(集成标准差),-0.8606,0.8881,2.47,4.627,6.764,3.759,40,
T2->T1,IXI024-Guys-0705,33,random,uniform-random,0.0044,0.4984,0.042,0.108,0.105,0.0,0,
T2->T1,IXI024-Guys-0705,33,full_skip2,rcrf+unc(w.6/.4),-0.8576,0.8879,2.782,4.534,6.808,2.37,24,20.75
T2->T1,IXI024-Guys-0705,45,full_n4,rcrf+unc(w.6/.4),-0.8517,0.8756,2.003,3.566,6.16,3.729,40,20.82
T2->T1,IXI024-Guys-0705,45,fusion_w1.0,w1=1.0,-0.8357,0.8623,1.687,3.526,5.251,3.729,40,
T2->T1,IXI024-Guys-0705,45,fusion_w0.7,w1=0.7,-0.8488,0.8737,1.962,3.579,6.007,3.729,40,
T2->T1,IXI024-Guys-0705,45,fusion_w0.5,w1=0.5,-0.8542,0.8768,2.049,3.511,6.4,3.729,40,
T2->T1,IXI024-Guys-0705,45,fusion_w0.3,w1=0.3,-0.8577,0.8765,2.095,3.703,6.068,3.729,40,
T2->T1,IXI024-Guys-0705,45,fusion_w0.0,w1=0.0,-0.8545,0.8626,1.797,3.397,5.119,3.729,40,
T2->T1,IXI024-Guys-0705,45,rcrf_n1,rcrf(单次推理),-0.8247,0.8544,1.654,3.342,4.988,1.897,20,20.63
T2->T1,IXI024-Guys-0705,45,rcrf_n4,rcrf(4次平均),-0.8357,0.8623,1.687,3.526,5.251,3.729,40,
T2->T1,IXI024-Guys-0705,45,unc_n4,unc(集成标准差),-0.8545,0.8626,1.797,3.397,5.119,3.729,40,
T2->T1,IXI024-Guys-0705,45,random,uniform-random,-0.003,0.4949,0.072,0.024,0.006,0.0,0,
T2->T1,IXI024-Guys-0705,45,full_skip2,rcrf+unc(w.6/.4),-0.8486,0.879,2.289,4.033,6.174,2.297,24,20.64
T2->T1,IXI024-Guys-0705,57,full_n4,rcrf+unc(w.6/.4),-0.8506,0.88,2.789,4.404,6.091,3.679,40,21.13
T2->T1,IXI024-Guys-0705,57,fusion_w1.0,w1=1.0,-0.8348,0.8661,2.477,3.876,5.71,3.679,40,
T2->T1,IXI024-Guys-0705,57,fusion_w0.7,w1=0.7,-0.8489,0.8794,2.823,4.436,5.953,3.679,40,
T2->T1,IXI024-Guys-0705,57,fusion_w0.5,w1=0.5,-0.8514,0.8793,2.545,4.473,6.038,3.679,40,
T2->T1,IXI024-Guys-0705,57,fusion_w0.3,w1=0.3,-0.8502,0.8742,2.282,4.184,5.992,3.679,40,
T2->T1,IXI024-Guys-0705,57,fusion_w0.0,w1=0.0,-0.837,0.8512,1.693,3.042,4.474,3.679,40,
T2->T1,IXI024-Guys-0705,57,rcrf_n1,rcrf(单次推理),-0.8284,0.8641,2.26,3.731,5.172,1.86,20,20.94
T2->T1,IXI024-Guys-0705,57,rcrf_n4,rcrf(4次平均),-0.8348,0.8661,2.477,3.876,5.71,3.679,40,
T2->T1,IXI024-Guys-0705,57,unc_n4,unc(集成标准差),-0.837,0.8512,1.693,3.042,4.474,3.679,40,
T2->T1,IXI024-Guys-0705,57,random,uniform-random,0.0054,0.4917,0.082,-0.015,-0.024,0.0,0,
T2->T1,IXI024-Guys-0705,57,full_skip2,rcrf+unc(w.6/.4),-0.8435,0.8789,3.072,4.736,6.325,2.335,24,20.87
T2->T1,IXI024-Guys-0705,69,full_n4,rcrf+unc(w.6/.4),-0.8095,0.8603,2.193,3.576,4.657,3.769,40,19.92
T2->T1,IXI024-Guys-0705,69,fusion_w1.0,w1=1.0,-0.7796,0.8289,1.944,2.934,3.795,3.769,40,
T2->T1,IXI024-Guys-0705,69,fusion_w0.7,w1=0.7,-0.8044,0.8557,2.181,3.48,4.489,3.769,40,
T2->T1,IXI024-Guys-0705,69,fusion_w0.5,w1=0.5,-0.8136,0.8634,2.23,3.668,4.815,3.769,40,
T2->T1,IXI024-Guys-0705,69,fusion_w0.3,w1=0.3,-0.8191,0.8655,2.103,3.667,4.971,3.769,40,
T2->T1,IXI024-Guys-0705,69,fusion_w0.0,w1=0.0,-0.8161,0.8555,1.556,3.133,4.547,3.769,40,
T2->T1,IXI024-Guys-0705,69,rcrf_n1,rcrf(单次推理),-0.7701,0.8151,2.003,2.86,3.487,1.783,20,19.65
T2->T1,IXI024-Guys-0705,69,rcrf_n4,rcrf(4次平均),-0.7796,0.8289,1.944,2.934,3.795,3.769,40,
T2->T1,IXI024-Guys-0705,69,unc_n4,unc(集成标准差),-0.8161,0.8555,1.556,3.133,4.547,3.769,40,
T2->T1,IXI024-Guys-0705,69,random,uniform-random,-0.0092,0.5095,0.054,0.086,0.122,0.0,0,
T2->T1,IXI024-Guys-0705,69,full_skip2,rcrf+unc(w.6/.4),-0.8022,0.8524,2.111,3.42,4.478,2.312,24,19.79
T2->T1,IXI024-Guys-0705,81,full_n4,rcrf+unc(w.6/.4),-0.8092,0.8573,2.272,3.574,4.575,3.833,40,20.48
T2->T1,IXI024-Guys-0705,81,fusion_w1.0,w1=1.0,-0.7796,0.8267,1.862,2.854,3.764,3.833,40,
T2->T1,IXI024-Guys-0705,81,fusion_w0.7,w1=0.7,-0.8041,0.8526,2.163,3.479,4.443,3.833,40,
T2->T1,IXI024-Guys-0705,81,fusion_w0.5,w1=0.5,-0.8133,0.8606,2.305,3.611,4.749,3.833,40,
T2->T1,IXI024-Guys-0705,81,fusion_w0.3,w1=0.3,-0.8186,0.8633,2.263,3.656,4.914,3.833,40,
T2->T1,IXI024-Guys-0705,81,fusion_w0.0,w1=0.0,-0.8141,0.8537,1.763,3.086,4.497,3.833,40,
T2->T1,IXI024-Guys-0705,81,rcrf_n1,rcrf(单次推理),-0.7733,0.8188,1.918,2.836,3.744,1.918,20,20.27
T2->T1,IXI024-Guys-0705,81,rcrf_n4,rcrf(4次平均),-0.7796,0.8267,1.862,2.854,3.764,3.833,40,
T2->T1,IXI024-Guys-0705,81,unc_n4,unc(集成标准差),-0.8141,0.8537,1.763,3.086,4.497,3.833,40,
T2->T1,IXI024-Guys-0705,81,random,uniform-random,0.0149,0.4986,-0.004,-0.072,-0.017,0.0,0,
T2->T1,IXI024-Guys-0705,81,full_skip2,rcrf+unc(w.6/.4),-0.8029,0.8478,2.337,3.502,4.41,2.355,24,20.35
T2->T1,IXI024-Guys-0705,93,full_n4,rcrf+unc(w.6/.4),-0.8504,0.8819,2.405,4.155,6.263,3.668,40,21.23
T2->T1,IXI024-Guys-0705,93,fusion_w1.0,w1=1.0,-0.8315,0.8651,2.099,3.492,5.323,3.668,40,
T2->T1,IXI024-Guys-0705,93,fusion_w0.7,w1=0.7,-0.8477,0.8803,2.378,4.065,6.225,3.668,40,
T2->T1,IXI024-Guys-0705,93,fusion_w0.5,w1=0.5,-0.8521,0.8821,2.458,4.265,6.398,3.668,40,
T2->T1,IXI024-Guys-0705,93,fusion_w0.3,w1=0.3,-0.8527,0.8785,2.169,4.224,6.341,3.668,40,
T2->T1,IXI024-Guys-0705,93,fusion_w0.0,w1=0.0,-0.8432,0.8588,1.66,3.251,5.005,3.668,40,
T2->T1,IXI024-Guys-0705,93,rcrf_n1,rcrf(单次推理),-0.8237,0.859,2.079,3.344,4.983,1.848,20,20.96
T2->T1,IXI024-Guys-0705,93,rcrf_n4,rcrf(4次平均),-0.8315,0.8651,2.099,3.492,5.323,3.668,40,
T2->T1,IXI024-Guys-0705,93,unc_n4,unc(集成标准差),-0.8432,0.8588,1.66,3.251,5.005,3.668,40,
T2->T1,IXI024-Guys-0705,93,random,uniform-random,0.0038,0.49,-0.069,-0.169,-0.243,0.0,0,
T2->T1,IXI024-Guys-0705,93,full_skip2,rcrf+unc(w.6/.4),-0.8493,0.882,2.616,4.236,6.618,2.301,24,20.98
T2->T1,IXI024-Guys-0705,105,full_n4,rcrf+unc(w.6/.4),-0.8642,0.8859,2.543,4.655,7.115,3.904,40,21.61
T2->T1,IXI024-Guys-0705,105,fusion_w1.0,w1=1.0,-0.8446,0.8663,2.169,3.684,6.027,3.904,40,
T2->T1,IXI024-Guys-0705,105,fusion_w0.7,w1=0.7,-0.8609,0.8831,2.486,4.508,6.986,3.904,40,
T2->T1,IXI024-Guys-0705,105,fusion_w0.5,w1=0.5,-0.8668,0.8879,2.596,4.722,7.115,3.904,40,
T2->T1,IXI024-Guys-0705,105,fusion_w0.3,w1=0.3,-0.8699,0.8886,2.555,4.827,7.024,3.904,40,
T2->T1,IXI024-Guys-0705,105,fusion_w0.0,w1=0.0,-0.8649,0.8792,2.381,4.281,6.205,3.904,40,
T2->T1,IXI024-Guys-0705,105,rcrf_n1,rcrf(单次推理),-0.8399,0.8632,2.057,3.673,5.408,1.846,20,21.28
T2->T1,IXI024-Guys-0705,105,rcrf_n4,rcrf(4次平均),-0.8446,0.8663,2.169,3.684,6.027,3.904,40,
T2->T1,IXI024-Guys-0705,105,unc_n4,unc(集成标准差),-0.8649,0.8792,2.381,4.281,6.205,3.904,40,
T2->T1,IXI024-Guys-0705,105,random,uniform-random,0.0079,0.5052,0.085,0.114,0.124,0.0,0,
T2->T1,IXI024-Guys-0705,105,full_skip2,rcrf+unc(w.6/.4),-0.8576,0.8866,2.666,4.691,7.008,2.277,24,21.47
T2->T1,IXI024-Guys-0705,117,full_n4,rcrf+unc(w.6/.4),-0.8682,0.9139,3.844,6.525,9.363,3.811,40,20.99
T2->T1,IXI024-Guys-0705,117,fusion_w1.0,w1=1.0,-0.8529,0.8986,3.354,5.415,8.304,3.811,40,
T2->T1,IXI024-Guys-0705,117,fusion_w0.7,w1=0.7,-0.8651,0.9114,3.766,6.338,9.216,3.811,40,
T2->T1,IXI024-Guys-0705,117,fusion_w0.5,w1=0.5,-0.8709,0.9156,3.896,6.643,9.506,3.811,40,
T2->T1,IXI024-Guys-0705,117,fusion_w0.3,w1=0.3,-0.8749,0.9165,3.894,6.661,9.806,3.811,40,
T2->T1,IXI024-Guys-0705,117,fusion_w0.0,w1=0.0,-0.8718,0.906,2.963,5.776,8.576,3.811,40,
T2->T1,IXI024-Guys-0705,117,rcrf_n1,rcrf(单次推理),-0.8489,0.8954,3.062,5.031,7.369,1.804,20,20.68
T2->T1,IXI024-Guys-0705,117,rcrf_n4,rcrf(4次平均),-0.8529,0.8986,3.354,5.415,8.304,3.811,40,
T2->T1,IXI024-Guys-0705,117,unc_n4,unc(集成标准差),-0.8718,0.906,2.963,5.776,8.576,3.811,40,
T2->T1,IXI024-Guys-0705,117,random,uniform-random,-0.0212,0.5022,0.019,0.026,0.131,0.0,0,
T2->T1,IXI024-Guys-0705,117,full_skip2,rcrf+unc(w.6/.4),-0.8651,0.9125,3.679,6.166,9.407,2.266,24,20.72
T2->T1,IXI025-Guys-0852,36,full_n4,rcrf+unc(w.6/.4),-0.8538,0.8662,1.778,2.957,4.907,3.81,40,20.58
T2->T1,IXI025-Guys-0852,36,fusion_w1.0,w1=1.0,-0.8329,0.8507,1.525,2.554,4.249,3.81,40,
T2->T1,IXI025-Guys-0852,36,fusion_w0.7,w1=0.7,-0.8494,0.8632,1.738,2.861,4.582,3.81,40,
T2->T1,IXI025-Guys-0852,36,fusion_w0.5,w1=0.5,-0.8578,0.8686,1.787,3.076,4.816,3.81,40,
T2->T1,IXI025-Guys-0852,36,fusion_w0.3,w1=0.3,-0.8643,0.8717,1.795,3.277,5.025,3.81,40,
T2->T1,IXI025-Guys-0852,36,fusion_w0.0,w1=0.0,-0.8621,0.8699,1.794,3.559,4.996,3.81,40,
T2->T1,IXI025-Guys-0852,36,rcrf_n1,rcrf(单次推理),-0.8235,0.844,1.398,2.313,3.739,1.875,20,20.22
T2->T1,IXI025-Guys-0852,36,rcrf_n4,rcrf(4次平均),-0.8329,0.8507,1.525,2.554,4.249,3.81,40,
T2->T1,IXI025-Guys-0852,36,unc_n4,unc(集成标准差),-0.8621,0.8699,1.794,3.559,4.996,3.81,40,
T2->T1,IXI025-Guys-0852,36,random,uniform-random,0.001,0.4992,-0.003,-0.021,-0.067,0.0,0,
T2->T1,IXI025-Guys-0852,36,full_skip2,rcrf+unc(w.6/.4),-0.845,0.8629,1.817,2.973,4.815,2.276,24,20.42
T2->T1,IXI025-Guys-0852,48,full_n4,rcrf+unc(w.6/.4),-0.8474,0.8923,2.558,4.761,7.096,3.6,40,20.94
T2->T1,IXI025-Guys-0852,48,fusion_w1.0,w1=1.0,-0.8338,0.8771,2.308,4.054,6.163,3.6,40,
T2->T1,IXI025-Guys-0852,48,fusion_w0.7,w1=0.7,-0.8448,0.8897,2.513,4.615,7.094,3.6,40,
T2->T1,IXI025-Guys-0852,48,fusion_w0.5,w1=0.5,-0.8496,0.8942,2.553,4.806,7.213,3.6,40,
T2->T1,IXI025-Guys-0852,48,fusion_w0.3,w1=0.3,-0.8522,0.895,2.521,4.909,7.136,3.6,40,
T2->T1,IXI025-Guys-0852,48,fusion_w0.0,w1=0.0,-0.8464,0.883,2.208,4.324,6.622,3.6,40,
T2->T1,IXI025-Guys-0852,48,rcrf_n1,rcrf(单次推理),-0.8256,0.8666,2.276,3.947,5.65,1.927,20,20.61
T2->T1,IXI025-Guys-0852,48,rcrf_n4,rcrf(4次平均),-0.8338,0.8771,2.308,4.054,6.163,3.6,40,
T2->T1,IXI025-Guys-0852,48,unc_n4,unc(集成标准差),-0.8464,0.883,2.208,4.324,6.622,3.6,40,
T2->T1,IXI025-Guys-0852,48,random,uniform-random,0.0007,0.5017,-0.02,-0.033,-0.004,0.0,0,
T2->T1,IXI025-Guys-0852,48,full_skip2,rcrf+unc(w.6/.4),-0.834,0.8837,2.758,4.637,6.453,2.335,24,20.77
T2->T1,IXI025-Guys-0852,60,full_n4,rcrf+unc(w.6/.4),-0.7904,0.861,2.022,3.683,5.501,3.878,40,21.7
T2->T1,IXI025-Guys-0852,60,fusion_w1.0,w1=1.0,-0.7746,0.8431,1.783,3.159,4.949,3.878,40,
T2->T1,IXI025-Guys-0852,60,fusion_w0.7,w1=0.7,-0.7875,0.8582,1.991,3.597,5.417,3.878,40,
T2->T1,IXI025-Guys-0852,60,fusion_w0.5,w1=0.5,-0.7928,0.8627,2.041,3.747,5.718,3.878,40,
T2->T1,IXI025-Guys-0852,60,fusion_w0.3,w1=0.3,-0.796,0.8632,1.931,3.702,5.816,3.878,40,
T2->T1,IXI025-Guys-0852,60,fusion_w0.0,w1=0.0,-0.7934,0.8523,1.819,3.312,5.21,3.878,40,
T2->T1,IXI025-Guys-0852,60,rcrf_n1,rcrf(单次推理),-0.7663,0.8286,1.708,3.036,4.452,2.032,20,21.48
T2->T1,IXI025-Guys-0852,60,rcrf_n4,rcrf(4次平均),-0.7746,0.8431,1.783,3.159,4.949,3.878,40,
T2->T1,IXI025-Guys-0852,60,unc_n4,unc(集成标准差),-0.7934,0.8523,1.819,3.312,5.21,3.878,40,
T2->T1,IXI025-Guys-0852,60,random,uniform-random,-0.0042,0.5115,0.012,0.03,0.031,0.0,0,
T2->T1,IXI025-Guys-0852,60,full_skip2,rcrf+unc(w.6/.4),-0.7695,0.8465,1.853,3.415,4.873,2.39,24,21.77
T2->T1,IXI025-Guys-0852,72,full_n4,rcrf+unc(w.6/.4),-0.7603,0.8154,1.532,2.45,3.583,3.815,40,21.65
T2->T1,IXI025-Guys-0852,72,fusion_w1.0,w1=1.0,-0.7325,0.7974,1.487,2.379,3.053,3.815,40,
T2->T1,IXI025-Guys-0852,72,fusion_w0.7,w1=0.7,-0.756,0.8137,1.559,2.451,3.503,3.815,40,
T2->T1,IXI025-Guys-0852,72,fusion_w0.5,w1=0.5,-0.7629,0.8152,1.508,2.429,3.526,3.815,40,
T2->T1,IXI025-Guys-0852,72,fusion_w0.3,w1=0.3,-0.7636,0.8097,1.344,2.379,3.408,3.815,40,
T2->T1,IXI025-Guys-0852,72,fusion_w0.0,w1=0.0,-0.7502,0.7861,1.078,1.981,2.942,3.815,40,
T2->T1,IXI025-Guys-0852,72,rcrf_n1,rcrf(单次推理),-0.7184,0.7885,1.491,2.306,2.896,1.929,20,21.48
T2->T1,IXI025-Guys-0852,72,rcrf_n4,rcrf(4次平均),-0.7325,0.7974,1.487,2.379,3.053,3.815,40,
T2->T1,IXI025-Guys-0852,72,unc_n4,unc(集成标准差),-0.7502,0.7861,1.078,1.981,2.942,3.815,40,
T2->T1,IXI025-Guys-0852,72,random,uniform-random,-0.005,0.5036,-0.024,-0.006,-0.028,0.0,0,
T2->T1,IXI025-Guys-0852,72,full_skip2,rcrf+unc(w.6/.4),-0.7469,0.8098,1.663,2.602,3.534,2.38,24,21.63
