split,idx,subject,z,scheme,spearman,auroc,gain20
val,0,IXI002-Guys-0828,27,fixed2,0.8258,0.9024,4.084
val,0,IXI002-Guys-0828,27,ccr_only,0.5483,0.7369,1.668
val,0,IXI002-Guys-0828,27,fusion3_eq,0.8165,0.903,4.146
val,0,IXI002-Guys-0828,27,fusion3_val,0.8365,0.9058,4.243
val,0,IXI002-Guys-0828,27,oracle,1.0,1.0,14.368
val,1,IXI002-Guys-0828,32,fixed2,0.8525,0.9042,4.939
val,1,IXI002-Guys-0828,32,ccr_only,0.5825,0.6933,0.741
val,1,IXI002-Guys-0828,32,fusion3_eq,0.8432,0.8863,3.958
val,1,IXI002-Guys-0828,32,fusion3_val,0.857,0.904,4.666
val,1,IXI002-Guys-0828,32,oracle,1.0,1.0,15.536
val,2,IXI002-Guys-0828,37,fixed2,0.873,0.8862,3.691
val,2,IXI002-Guys-0828,37,ccr_only,0.5635,0.6078,0.719
val,2,IXI002-Guys-0828,37,fusion3_eq,0.8557,0.863,2.934
val,2,IXI002-Guys-0828,37,fusion3_val,0.8743,0.8854,3.657
val,2,IXI002-Guys-0828,37,oracle,1.0,1.0,13.369
val,3,IXI002-Guys-0828,42,fixed2,0.869,0.8853,4.004
val,3,IXI002-Guys-0828,42,ccr_only,0.5719,0.5983,0.658
val,3,IXI002-Guys-0828,42,fusion3_eq,0.849,0.8561,2.834
val,3,IXI002-Guys-0828,42,fusion3_val,0.8699,0.8849,3.826
val,3,IXI002-Guys-0828,42,oracle,1.0,1.0,13.232
val,4,IXI002-Guys-0828,47,fixed2,0.8606,0.8974,4.895
val,4,IXI002-Guys-0828,47,ccr_only,0.5652,0.6108,0.786
val,4,IXI002-Guys-0828,47,fusion3_eq,0.85,0.8756,4.047
val,4,IXI002-Guys-0828,47,fusion3_val,0.8635,0.8973,4.883
val,4,IXI002-Guys-0828,47,oracle,1.0,1.0,13.425
val,5,IXI002-Guys-0828,52,fixed2,0.8514,0.8795,4.056
val,5,IXI002-Guys-0828,52,ccr_only,0.5668,0.6205,0.932
val,5,IXI002-Guys-0828,52,fusion3_eq,0.844,0.8579,3.362
val,5,IXI002-Guys-0828,52,fusion3_val,0.8549,0.8806,4.059
val,5,IXI002-Guys-0828,52,oracle,1.0,1.0,12.229
val,6,IXI002-Guys-0828,57,fixed2,0.8446,0.8694,3.489
val,6,IXI002-Guys-0828,57,ccr_only,0.5429,0.5961,0.737
val,6,IXI002-Guys-0828,57,fusion3_eq,0.8353,0.8499,2.895
val,6,IXI002-Guys-0828,57,fusion3_val,0.847,0.8705,3.417
val,6,IXI002-Guys-0828,57,oracle,1.0,1.0,11.768
val,7,IXI002-Guys-0828,62,fixed2,0.8351,0.8585,3.087
val,7,IXI002-Guys-0828,62,ccr_only,0.5084,0.5369,0.423
val,7,IXI002-Guys-0828,62,fusion3_eq,0.82,0.8208,2.222
val,7,IXI002-Guys-0828,62,fusion3_val,0.8365,0.8559,2.965
val,7,IXI002-Guys-0828,62,oracle,1.0,1.0,11.804
val,8,IXI002-Guys-0828,67,fixed2,0.8172,0.8419,2.661
val,8,IXI002-Guys-0828,67,ccr_only,0.4777,0.5026,0.181
val,8,IXI002-Guys-0828,67,fusion3_eq,0.7935,0.7972,1.933
val,8,IXI002-Guys-0828,67,fusion3_val,0.8173,0.8388,2.68
val,8,IXI002-Guys-0828,67,oracle,1.0,1.0,11.395
val,9,IXI002-Guys-0828,72,fixed2,0.8045,0.825,2.313
val,9,IXI002-Guys-0828,72,ccr_only,0.4703,0.5067,0.388
val,9,IXI002-Guys-0828,72,fusion3_eq,0.7851,0.7818,1.649
val,9,IXI002-Guys-0828,72,fusion3_val,0.8053,0.8219,2.3
val,9,IXI002-Guys-0828,72,oracle,1.0,1.0,9.969
val,10,IXI002-Guys-0828,77,fixed2,0.8092,0.8263,2.186
val,10,IXI002-Guys-0828,77,ccr_only,0.4867,0.5114,0.332
val,10,IXI002-Guys-0828,77,fusion3_eq,0.7892,0.7843,1.491
val,10,IXI002-Guys-0828,77,fusion3_val,0.809,0.823,2.109
val,10,IXI002-Guys-0828,77,oracle,1.0,1.0,9.907
val,11,IXI002-Guys-0828,82,fixed2,0.8209,0.8441,2.962
val,11,IXI002-Guys-0828,82,ccr_only,0.4977,0.5457,0.39
val,11,IXI002-Guys-0828,82,fusion3_eq,0.8013,0.8086,2.054
val,11,IXI002-Guys-0828,82,fusion3_val,0.8213,0.8422,2.867
val,11,IXI002-Guys-0828,82,oracle,1.0,1.0,10.854
val,12,IXI002-Guys-0828,87,fixed2,0.8344,0.8475,3.012
val,12,IXI002-Guys-0828,87,ccr_only,0.5328,0.5549,0.752
val,12,IXI002-Guys-0828,87,fusion3_eq,0.821,0.8198,2.325
val,12,IXI002-Guys-0828,87,fusion3_val,0.8359,0.8471,2.981
val,12,IXI002-Guys-0828,87,oracle,1.0,1.0,11.328
val,13,IXI002-Guys-0828,92,fixed2,0.8495,0.8736,3.976
val,13,IXI002-Guys-0828,92,ccr_only,0.5428,0.5626,0.482
val,13,IXI002-Guys-0828,92,fusion3_eq,0.8324,0.8397,3.079
val,13,IXI002-Guys-0828,92,fusion3_val,0.8501,0.8725,3.886
val,13,IXI002-Guys-0828,92,oracle,1.0,1.0,12.773
val,14,IXI002-Guys-0828,97,fixed2,0.8584,0.8904,5.525
val,14,IXI002-Guys-0828,97,ccr_only,0.576,0.5997,0.537
val,14,IXI002-Guys-0828,97,fusion3_eq,0.8449,0.8607,3.851
val,14,IXI002-Guys-0828,97,fusion3_val,0.8608,0.8905,5.444
val,14,IXI002-Guys-0828,97,oracle,1.0,1.0,13.024
val,15,IXI002-Guys-0828,102,fixed2,0.8743,0.9128,5.997
val,15,IXI002-Guys-0828,102,ccr_only,0.5693,0.5663,0.39
val,15,IXI002-Guys-0828,102,fusion3_eq,0.8589,0.8802,4.143
val,15,IXI002-Guys-0828,102,fusion3_val,0.8775,0.9117,5.768
val,15,IXI002-Guys-0828,102,oracle,1.0,1.0,13.566
val,16,IXI002-Guys-0828,107,fixed2,0.8811,0.914,5.323
val,16,IXI002-Guys-0828,107,ccr_only,0.5732,0.5752,0.463
val,16,IXI002-Guys-0828,107,fusion3_eq,0.8588,0.8767,3.951
val,16,IXI002-Guys-0828,107,fusion3_val,0.8821,0.9118,5.176
val,16,IXI002-Guys-0828,107,oracle,1.0,1.0,13.454
val,17,IXI002-Guys-0828,112,fixed2,0.8779,0.9064,5.006
val,17,IXI002-Guys-0828,112,ccr_only,0.5677,0.6225,0.402
val,17,IXI002-Guys-0828,112,fusion3_eq,0.8589,0.8871,4.258
val,17,IXI002-Guys-0828,112,fusion3_val,0.8785,0.9071,4.97
val,17,IXI002-Guys-0828,112,oracle,1.0,1.0,14.634
val,18,IXI002-Guys-0828,117,fixed2,0.8614,0.9223,8.205
val,18,IXI002-Guys-0828,117,ccr_only,0.5487,0.6283,0.155
val,18,IXI002-Guys-0828,117,fusion3_eq,0.8401,0.9005,5.125
val,18,IXI002-Guys-0828,117,fusion3_val,0.8638,0.9224,8.0
val,18,IXI002-Guys-0828,117,oracle,1.0,1.0,17.001
val,19,IXI012-HH-1211,33,fixed2,0.7994,0.8186,2.246
val,19,IXI012-HH-1211,33,ccr_only,0.5221,0.7332,1.562
val,19,IXI012-HH-1211,33,fusion3_eq,0.8128,0.8178,2.238
val,19,IXI012-HH-1211,33,fusion3_val,0.8091,0.8199,2.296
val,19,IXI012-HH-1211,33,oracle,1.0,1.0,8.698
val,20,IXI012-HH-1211,38,fixed2,0.7701,0.7849,1.694
val,20,IXI012-HH-1211,38,ccr_only,0.4887,0.6158,1.076
val,20,IXI012-HH-1211,38,fusion3_eq,0.7759,0.7764,1.513
val,20,IXI012-HH-1211,38,fusion3_val,0.7769,0.7869,1.704
val,20,IXI012-HH-1211,38,oracle,1.0,1.0,9.046
val,21,IXI012-HH-1211,43,fixed2,0.7865,0.7882,1.907
val,21,IXI012-HH-1211,43,ccr_only,0.4297,0.575,0.878
val,21,IXI012-HH-1211,43,fusion3_eq,0.7766,0.7751,1.747
val,21,IXI012-HH-1211,43,fusion3_val,0.7889,0.7891,1.934
val,21,IXI012-HH-1211,43,oracle,1.0,1.0,9.165
val,22,IXI012-HH-1211,48,fixed2,0.7532,0.76,1.642
val,22,IXI012-HH-1211,48,ccr_only,0.4006,0.5616,0.791
val,22,IXI012-HH-1211,48,fusion3_eq,0.7357,0.7426,1.492
val,22,IXI012-HH-1211,48,fusion3_val,0.7538,0.7605,1.654
val,22,IXI012-HH-1211,48,oracle,1.0,1.0,8.702
val,23,IXI012-HH-1211,53,fixed2,0.7199,0.7218,1.456
val,23,IXI012-HH-1211,53,ccr_only,0.3597,0.5402,0.848
val,23,IXI012-HH-1211,53,fusion3_eq,0.6976,0.696,1.363
val,23,IXI012-HH-1211,53,fusion3_val,0.72,0.72,1.407
val,23,IXI012-HH-1211,53,oracle,1.0,1.0,8.759
val,24,IXI012-HH-1211,58,fixed2,0.7116,0.6991,1.264
val,24,IXI012-HH-1211,58,ccr_only,0.2961,0.5051,0.597
val,24,IXI012-HH-1211,58,fusion3_eq,0.6878,0.6799,1.025
val,24,IXI012-HH-1211,58,fusion3_val,0.7123,0.6989,1.253
val,24,IXI012-HH-1211,58,oracle,1.0,1.0,8.414
val,25,IXI012-HH-1211,63,fixed2,0.6697,0.6868,1.266
val,25,IXI012-HH-1211,63,ccr_only,0.2928,0.5074,0.511
val,25,IXI012-HH-1211,63,fusion3_eq,0.6496,0.665,1.036
val,25,IXI012-HH-1211,63,fusion3_val,0.6712,0.6862,1.21
val,25,IXI012-HH-1211,63,oracle,1.0,1.0,8.196
val,26,IXI012-HH-1211,68,fixed2,0.6322,0.6759,1.115
val,26,IXI012-HH-1211,68,ccr_only,0.3115,0.5285,0.612
val,26,IXI012-HH-1211,68,fusion3_eq,0.618,0.6639,1.038
val,26,IXI012-HH-1211,68,fusion3_val,0.6328,0.6759,1.135
val,26,IXI012-HH-1211,68,oracle,1.0,1.0,7.65
val,27,IXI012-HH-1211,73,fixed2,0.6376,0.6949,1.133
val,27,IXI012-HH-1211,73,ccr_only,0.3008,0.5112,0.339
val,27,IXI012-HH-1211,73,fusion3_eq,0.6046,0.6604,0.892
val,27,IXI012-HH-1211,73,fusion3_val,0.6352,0.6919,1.116
val,27,IXI012-HH-1211,73,oracle,1.0,1.0,7.118
val,28,IXI012-HH-1211,78,fixed2,0.6082,0.6615,0.91
val,28,IXI012-HH-1211,78,ccr_only,0.3001,0.4979,0.267
val,28,IXI012-HH-1211,78,fusion3_eq,0.5771,0.627,0.641
val,28,IXI012-HH-1211,78,fusion3_val,0.6064,0.6585,0.886
val,28,IXI012-HH-1211,78,oracle,1.0,1.0,6.69
val,29,IXI012-HH-1211,83,fixed2,0.6375,0.7007,1.161
val,29,IXI012-HH-1211,83,ccr_only,0.3113,0.5168,0.343
val,29,IXI012-HH-1211,83,fusion3_eq,0.6168,0.6859,0.964
val,29,IXI012-HH-1211,83,fusion3_val,0.6383,0.7022,1.162
val,29,IXI012-HH-1211,83,oracle,1.0,1.0,6.988
val,30,IXI012-HH-1211,88,fixed2,0.6632,0.7043,1.286
val,30,IXI012-HH-1211,88,ccr_only,0.292,0.4964,0.434
val,30,IXI012-HH-1211,88,fusion3_eq,0.636,0.6785,1.104
val,30,IXI012-HH-1211,88,fusion3_val,0.6629,0.7032,1.284
val,30,IXI012-HH-1211,88,oracle,1.0,1.0,7.313
val,31,IXI012-HH-1211,93,fixed2,0.7004,0.7245,1.299
val,31,IXI012-HH-1211,93,ccr_only,0.2985,0.5059,0.444
val,31,IXI012-HH-1211,93,fusion3_eq,0.6693,0.6979,1.156
val,31,IXI012-HH-1211,93,fusion3_val,0.6996,0.7243,1.266
val,31,IXI012-HH-1211,93,oracle,1.0,1.0,7.77
val,32,IXI012-HH-1211,98,fixed2,0.7173,0.739,1.614
val,32,IXI012-HH-1211,98,ccr_only,0.3493,0.5443,0.749
val,32,IXI012-HH-1211,98,fusion3_eq,0.7009,0.7244,1.48
val,32,IXI012-HH-1211,98,fusion3_val,0.7187,0.7405,1.615
val,32,IXI012-HH-1211,98,oracle,1.0,1.0,8.398
val,33,IXI012-HH-1211,103,fixed2,0.7183,0.7269,1.489
val,33,IXI012-HH-1211,103,ccr_only,0.3967,0.5723,1.048
val,33,IXI012-HH-1211,103,fusion3_eq,0.7096,0.7213,1.579
val,33,IXI012-HH-1211,103,fusion3_val,0.7203,0.7288,1.563
val,33,IXI012-HH-1211,103,oracle,1.0,1.0,8.861
val,34,IXI012-HH-1211,108,fixed2,0.7407,0.7438,1.473
val,34,IXI012-HH-1211,108,ccr_only,0.4369,0.5973,0.902
val,34,IXI012-HH-1211,108,fusion3_eq,0.7389,0.7456,1.467
val,34,IXI012-HH-1211,108,fusion3_val,0.7435,0.7463,1.488
val,34,IXI012-HH-1211,108,oracle,1.0,1.0,8.382
val,35,IXI012-HH-1211,113,fixed2,0.746,0.7294,0.977
val,35,IXI012-HH-1211,113,ccr_only,0.4824,0.6426,1.029
val,35,IXI012-HH-1211,113,fusion3_eq,0.7495,0.7453,1.299
val,35,IXI012-HH-1211,113,fusion3_val,0.7492,0.7334,1.012
val,35,IXI012-HH-1211,113,oracle,1.0,1.0,8.258
val,36,IXI012-HH-1211,118,fixed2,0.7721,0.7666,1.144
val,36,IXI012-HH-1211,118,ccr_only,0.4911,0.6434,1.148
val,36,IXI012-HH-1211,118,fusion3_eq,0.7768,0.774,1.292
val,36,IXI012-HH-1211,118,fusion3_val,0.7762,0.7696,1.179
val,36,IXI012-HH-1211,118,oracle,1.0,1.0,8.634
val,37,IXI013-HH-1212,33,fixed2,0.8049,0.8247,2.481
val,37,IXI013-HH-1212,33,ccr_only,0.4699,0.7141,1.617
val,37,IXI013-HH-1212,33,fusion3_eq,0.809,0.8206,2.304
val,37,IXI013-HH-1212,33,fusion3_val,0.8103,0.8267,2.519
val,37,IXI013-HH-1212,33,oracle,1.0,1.0,8.195
val,38,IXI013-HH-1212,38,fixed2,0.788,0.8089,2.029
val,38,IXI013-HH-1212,38,ccr_only,0.4705,0.6669,1.167
val,38,IXI013-HH-1212,38,fusion3_eq,0.784,0.7907,1.714
val,38,IXI013-HH-1212,38,fusion3_val,0.7917,0.8086,2.003
val,38,IXI013-HH-1212,38,oracle,1.0,1.0,7.824
val,39,IXI013-HH-1212,43,fixed2,0.789,0.8281,2.451
val,39,IXI013-HH-1212,43,ccr_only,0.4319,0.6201,1.016
val,39,IXI013-HH-1212,43,fusion3_eq,0.7831,0.806,2.01
val,39,IXI013-HH-1212,43,fusion3_val,0.7938,0.8288,2.391
val,39,IXI013-HH-1212,43,oracle,1.0,1.0,8.453
val,40,IXI013-HH-1212,48,fixed2,0.7597,0.8414,2.625
val,40,IXI013-HH-1212,48,ccr_only,0.3864,0.5975,1.174
val,40,IXI013-HH-1212,48,fusion3_eq,0.7577,0.8174,2.315
val,40,IXI013-HH-1212,48,fusion3_val,0.7642,0.8432,2.7
val,40,IXI013-HH-1212,48,oracle,1.0,1.0,8.385
val,41,IXI013-HH-1212,53,fixed2,0.7554,0.8099,2.301
val,41,IXI013-HH-1212,53,ccr_only,0.3684,0.6024,1.427
val,41,IXI013-HH-1212,53,fusion3_eq,0.7514,0.7941,2.116
val,41,IXI013-HH-1212,53,fusion3_val,0.7605,0.8121,2.416
val,41,IXI013-HH-1212,53,oracle,1.0,1.0,8.288
val,42,IXI013-HH-1212,58,fixed2,0.7034,0.7582,1.65
val,42,IXI013-HH-1212,58,ccr_only,0.3419,0.5504,0.856
val,42,IXI013-HH-1212,58,fusion3_eq,0.7017,0.7368,1.389
val,42,IXI013-HH-1212,58,fusion3_val,0.7093,0.7592,1.662
val,42,IXI013-HH-1212,58,oracle,1.0,1.0,7.978
val,43,IXI013-HH-1212,63,fixed2,0.674,0.7603,1.555
val,43,IXI013-HH-1212,63,ccr_only,0.3223,0.6126,1.049
val,43,IXI013-HH-1212,63,fusion3_eq,0.6784,0.7664,1.615
val,43,IXI013-HH-1212,63,fusion3_val,0.681,0.7669,1.607
val,43,IXI013-HH-1212,63,oracle,1.0,1.0,7.259
val,44,IXI013-HH-1212,68,fixed2,0.6678,0.761,1.462
val,44,IXI013-HH-1212,68,ccr_only,0.2802,0.5668,0.671
val,44,IXI013-HH-1212,68,fusion3_eq,0.6577,0.7558,1.388
val,44,IXI013-HH-1212,68,fusion3_val,0.672,0.7666,1.472
val,44,IXI013-HH-1212,68,oracle,1.0,1.0,6.809
val,45,IXI013-HH-1212,73,fixed2,0.6251,0.7269,1.11
val,45,IXI013-HH-1212,73,ccr_only,0.2475,0.4958,0.34
val,45,IXI013-HH-1212,73,fusion3_eq,0.6062,0.6904,0.745
val,45,IXI013-HH-1212,73,fusion3_val,0.625,0.7238,1.074
val,45,IXI013-HH-1212,73,oracle,1.0,1.0,5.904
val,46,IXI013-HH-1212,78,fixed2,0.6307,0.7222,1.182
val,46,IXI013-HH-1212,78,ccr_only,0.2444,0.4626,0.153
val,46,IXI013-HH-1212,78,fusion3_eq,0.5966,0.6727,0.703
val,46,IXI013-HH-1212,78,fusion3_val,0.6278,0.7166,1.146
val,46,IXI013-HH-1212,78,oracle,1.0,1.0,6.653
val,47,IXI013-HH-1212,83,fixed2,0.6652,0.7395,1.367
val,47,IXI013-HH-1212,83,ccr_only,0.2274,0.4726,0.268
val,47,IXI013-HH-1212,83,fusion3_eq,0.6247,0.7015,1.126
val,47,IXI013-HH-1212,83,fusion3_val,0.6634,0.7361,1.38
val,47,IXI013-HH-1212,83,oracle,1.0,1.0,7.304
val,48,IXI013-HH-1212,88,fixed2,0.7122,0.7883,2.094
val,48,IXI013-HH-1212,88,ccr_only,0.2464,0.5043,0.649
val,48,IXI013-HH-1212,88,fusion3_eq,0.6888,0.7543,1.572
val,48,IXI013-HH-1212,88,fusion3_val,0.716,0.7894,2.067
val,48,IXI013-HH-1212,88,oracle,1.0,1.0,7.792
val,49,IXI013-HH-1212,93,fixed2,0.7348,0.7863,1.907
val,49,IXI013-HH-1212,93,ccr_only,0.2762,0.4672,0.385
val,49,IXI013-HH-1212,93,fusion3_eq,0.7041,0.7384,1.225
val,49,IXI013-HH-1212,93,fusion3_val,0.7355,0.7827,1.928
val,49,IXI013-HH-1212,93,oracle,1.0,1.0,7.826
val,50,IXI013-HH-1212,98,fixed2,0.7247,0.766,1.976
val,50,IXI013-HH-1212,98,ccr_only,0.3003,0.4892,0.551
val,50,IXI013-HH-1212,98,fusion3_eq,0.7092,0.7356,1.605
val,50,IXI013-HH-1212,98,fusion3_val,0.727,0.7648,1.962
val,50,IXI013-HH-1212,98,oracle,1.0,1.0,7.935
val,51,IXI013-HH-1212,103,fixed2,0.7489,0.7778,1.616
val,51,IXI013-HH-1212,103,ccr_only,0.264,0.4939,0.74
val,51,IXI013-HH-1212,103,fusion3_eq,0.7217,0.7346,1.33
val,51,IXI013-HH-1212,103,fusion3_val,0.7493,0.7734,1.582
val,51,IXI013-HH-1212,103,oracle,1.0,1.0,6.788
val,52,IXI013-HH-1212,108,fixed2,0.7491,0.7632,1.502
val,52,IXI013-HH-1212,108,ccr_only,0.2622,0.4766,0.505
val,52,IXI013-HH-1212,108,fusion3_eq,0.7128,0.7197,1.067
val,52,IXI013-HH-1212,108,fusion3_val,0.7479,0.7588,1.494
val,52,IXI013-HH-1212,108,oracle,1.0,1.0,6.48
val,53,IXI013-HH-1212,113,fixed2,0.7662,0.7529,1.449
val,53,IXI013-HH-1212,113,ccr_only,0.3377,0.5212,0.785
val,53,IXI013-HH-1212,113,fusion3_eq,0.7487,0.728,1.096
val,53,IXI013-HH-1212,113,fusion3_val,0.7682,0.7507,1.405
val,53,IXI013-HH-1212,113,oracle,1.0,1.0,6.033
val,54,IXI013-HH-1212,118,fixed2,0.7702,0.7335,1.158
val,54,IXI013-HH-1212,118,ccr_only,0.3827,0.5147,0.683
val,54,IXI013-HH-1212,118,fusion3_eq,0.7554,0.6987,0.89
val,54,IXI013-HH-1212,118,fusion3_val,0.7722,0.727,1.127
val,54,IXI013-HH-1212,118,oracle,1.0,1.0,6.046
val,55,IXI014-HH-1236,35,fixed2,0.8085,0.8596,2.934
val,55,IXI014-HH-1236,35,ccr_only,0.5465,0.6527,1.068
val,55,IXI014-HH-1236,35,fusion3_eq,0.8073,0.8406,1.916
val,55,IXI014-HH-1236,35,fusion3_val,0.8155,0.8573,2.789
val,55,IXI014-HH-1236,35,oracle,1.0,1.0,12.148
val,56,IXI014-HH-1236,40,fixed2,0.8218,0.8493,3.196
val,56,IXI014-HH-1236,40,ccr_only,0.5535,0.6907,1.712
val,56,IXI014-HH-1236,40,fusion3_eq,0.8161,0.8343,2.613
val,56,IXI014-HH-1236,40,fusion3_val,0.8245,0.8488,3.23
val,56,IXI014-HH-1236,40,oracle,1.0,1.0,10.036
val,57,IXI014-HH-1236,45,fixed2,0.8129,0.8338,2.853
val,57,IXI014-HH-1236,45,ccr_only,0.5575,0.6551,1.244
val,57,IXI014-HH-1236,45,fusion3_eq,0.8123,0.8127,2.342
val,57,IXI014-HH-1236,45,fusion3_val,0.8178,0.8337,2.957
val,57,IXI014-HH-1236,45,oracle,1.0,1.0,9.064
val,58,IXI014-HH-1236,50,fixed2,0.7957,0.8231,2.92
val,58,IXI014-HH-1236,50,ccr_only,0.5472,0.6323,1.354
val,58,IXI014-HH-1236,50,fusion3_eq,0.804,0.8123,2.631
val,58,IXI014-HH-1236,50,fusion3_val,0.8014,0.8249,2.956
val,58,IXI014-HH-1236,50,oracle,1.0,1.0,8.579
val,59,IXI014-HH-1236,55,fixed2,0.7935,0.8127,3.287
val,59,IXI014-HH-1236,55,ccr_only,0.5316,0.6227,1.152
val,59,IXI014-HH-1236,55,fusion3_eq,0.7932,0.7974,2.312
val,59,IXI014-HH-1236,55,fusion3_val,0.7985,0.8154,3.185
val,59,IXI014-HH-1236,55,oracle,1.0,1.0,9.239
val,60,IXI014-HH-1236,60,fixed2,0.7797,0.7897,2.587
val,60,IXI014-HH-1236,60,ccr_only,0.5415,0.6651,1.488
val,60,IXI014-HH-1236,60,fusion3_eq,0.7794,0.79,2.258
val,60,IXI014-HH-1236,60,fusion3_val,0.7831,0.7951,2.622
val,60,IXI014-HH-1236,60,oracle,1.0,1.0,8.153
val,61,IXI014-HH-1236,65,fixed2,0.7612,0.7907,2.505
val,61,IXI014-HH-1236,65,ccr_only,0.5164,0.6672,1.488
val,61,IXI014-HH-1236,65,fusion3_eq,0.7604,0.7899,2.531
val,61,IXI014-HH-1236,65,fusion3_val,0.764,0.7949,2.587
val,61,IXI014-HH-1236,65,oracle,1.0,1.0,8.586
val,62,IXI014-HH-1236,70,fixed2,0.7476,0.7648,1.669
val,62,IXI014-HH-1236,70,ccr_only,0.4954,0.6187,1.05
val,62,IXI014-HH-1236,70,fusion3_eq,0.7411,0.7551,1.454
val,62,IXI014-HH-1236,70,fusion3_val,0.7499,0.7673,1.701
val,62,IXI014-HH-1236,70,oracle,1.0,1.0,6.948
val,63,IXI014-HH-1236,75,fixed2,0.7218,0.7333,1.231
val,63,IXI014-HH-1236,75,ccr_only,0.4802,0.6405,0.786
val,63,IXI014-HH-1236,75,fusion3_eq,0.7175,0.7285,1.037
val,63,IXI014-HH-1236,75,fusion3_val,0.723,0.7351,1.223
val,63,IXI014-HH-1236,75,oracle,1.0,1.0,7.408
val,64,IXI014-HH-1236,80,fixed2,0.7313,0.7485,1.42
val,64,IXI014-HH-1236,80,ccr_only,0.5272,0.6479,0.77
val,64,IXI014-HH-1236,80,fusion3_eq,0.7327,0.739,1.26
val,64,IXI014-HH-1236,80,fusion3_val,0.7345,0.7489,1.424
val,64,IXI014-HH-1236,80,oracle,1.0,1.0,5.864
val,65,IXI014-HH-1236,85,fixed2,0.7201,0.7362,1.631
val,65,IXI014-HH-1236,85,ccr_only,0.4621,0.6044,0.65
val,65,IXI014-HH-1236,85,fusion3_eq,0.7118,0.7195,1.172
val,65,IXI014-HH-1236,85,fusion3_val,0.7208,0.7354,1.535
val,65,IXI014-HH-1236,85,oracle,1.0,1.0,7.37
val,66,IXI014-HH-1236,90,fixed2,0.7611,0.7664,1.877
val,66,IXI014-HH-1236,90,ccr_only,0.4996,0.6366,1.074
val,66,IXI014-HH-1236,90,fusion3_eq,0.7551,0.7554,1.413
val,66,IXI014-HH-1236,90,fusion3_val,0.7633,0.7674,1.894
val,66,IXI014-HH-1236,90,oracle,1.0,1.0,8.309
val,67,IXI014-HH-1236,95,fixed2,0.7962,0.8067,2.61
val,67,IXI014-HH-1236,95,ccr_only,0.5092,0.6122,1.016
val,67,IXI014-HH-1236,95,fusion3_eq,0.7917,0.7894,2.401
val,67,IXI014-HH-1236,95,fusion3_val,0.8001,0.8067,2.582
val,67,IXI014-HH-1236,95,oracle,1.0,1.0,9.034
val,68,IXI014-HH-1236,100,fixed2,0.8191,0.8307,2.584
val,68,IXI014-HH-1236,100,ccr_only,0.5278,0.6433,1.269
val,68,IXI014-HH-1236,100,fusion3_eq,0.8161,0.8217,2.351
val,68,IXI014-HH-1236,100,fusion3_val,0.8237,0.8337,2.578
val,68,IXI014-HH-1236,100,oracle,1.0,1.0,8.639
val,69,IXI014-HH-1236,105,fixed2,0.8134,0.8206,2.247
val,69,IXI014-HH-1236,105,ccr_only,0.5122,0.6204,1.332
val,69,IXI014-HH-1236,105,fusion3_eq,0.818,0.8219,2.323
val,69,IXI014-HH-1236,105,fusion3_val,0.8172,0.8235,2.253
val,69,IXI014-HH-1236,105,oracle,1.0,1.0,9.356
val,70,IXI014-HH-1236,110,fixed2,0.8277,0.8337,2.173
val,70,IXI014-HH-1236,110,ccr_only,0.5424,0.6628,1.515
val,70,IXI014-HH-1236,110,fusion3_eq,0.8295,0.8308,2.226
val,70,IXI014-HH-1236,110,fusion3_val,0.8327,0.8363,2.186
val,70,IXI014-HH-1236,110,oracle,1.0,1.0,9.716
val,71,IXI014-HH-1236,115,fixed2,0.841,0.8464,2.6
val,71,IXI014-HH-1236,115,ccr_only,0.5276,0.6692,1.6
val,71,IXI014-HH-1236,115,fusion3_eq,0.8384,0.8453,2.433
val,71,IXI014-HH-1236,115,fusion3_val,0.8467,0.8492,2.576
val,71,IXI014-HH-1236,115,oracle,1.0,1.0,10.305
val,72,IXI015-HH-1258,27,fixed2,0.8483,0.892,4.219
val,72,IXI015-HH-1258,27,ccr_only,0.5302,0.6934,1.906
val,72,IXI015-HH-1258,27,fusion3_eq,0.8294,0.8626,3.264
val,72,IXI015-HH-1258,27,fusion3_val,0.8498,0.8892,4.169
val,72,IXI015-HH-1258,27,oracle,1.0,1.0,11.705
val,73,IXI015-HH-1258,32,fixed2,0.8442,0.8835,3.766
val,73,IXI015-HH-1258,32,ccr_only,0.5149,0.6572,1.538
val,73,IXI015-HH-1258,32,fusion3_eq,0.8167,0.8472,3.091
val,73,IXI015-HH-1258,32,fusion3_val,0.8417,0.8803,3.846
val,73,IXI015-HH-1258,32,oracle,1.0,1.0,11.779
val,74,IXI015-HH-1258,37,fixed2,0.8377,0.872,3.475
val,74,IXI015-HH-1258,37,ccr_only,0.5005,0.6327,1.553
val,74,IXI015-HH-1258,37,fusion3_eq,0.8179,0.847,3.121
val,74,IXI015-HH-1258,37,fusion3_val,0.8372,0.8715,3.613
val,74,IXI015-HH-1258,37,oracle,1.0,1.0,10.314
val,75,IXI015-HH-1258,42,fixed2,0.8264,0.8629,3.056
val,75,IXI015-HH-1258,42,ccr_only,0.4664,0.5642,0.969
val,75,IXI015-HH-1258,42,fusion3_eq,0.8082,0.8371,2.574
val,75,IXI015-HH-1258,42,fusion3_val,0.8259,0.8624,2.975
val,75,IXI015-HH-1258,42,oracle,1.0,1.0,9.519
val,76,IXI015-HH-1258,47,fixed2,0.8223,0.8668,3.092
val,76,IXI015-HH-1258,47,ccr_only,0.4266,0.5222,1.02
val,76,IXI015-HH-1258,47,fusion3_eq,0.792,0.8238,2.411
val,76,IXI015-HH-1258,47,fusion3_val,0.8208,0.8644,3.206
val,76,IXI015-HH-1258,47,oracle,1.0,1.0,10.53
val,77,IXI015-HH-1258,52,fixed2,0.8069,0.8412,3.112
val,77,IXI015-HH-1258,52,ccr_only,0.4231,0.5318,0.6
val,77,IXI015-HH-1258,52,fusion3_eq,0.7799,0.7998,1.935
val,77,IXI015-HH-1258,52,fusion3_val,0.8062,0.8384,3.016
val,77,IXI015-HH-1258,52,oracle,1.0,1.0,10.047
val,78,IXI015-HH-1258,57,fixed2,0.7869,0.8324,3.034
val,78,IXI015-HH-1258,57,ccr_only,0.4326,0.5665,0.978
val,78,IXI015-HH-1258,57,fusion3_eq,0.7636,0.7915,2.392
val,78,IXI015-HH-1258,57,fusion3_val,0.7883,0.8305,3.002
val,78,IXI015-HH-1258,57,oracle,1.0,1.0,9.243
val,79,IXI015-HH-1258,62,fixed2,0.7306,0.7795,2.314
val,79,IXI015-HH-1258,62,ccr_only,0.3946,0.5555,1.206
val,79,IXI015-HH-1258,62,fusion3_eq,0.7068,0.7593,2.192
val,79,IXI015-HH-1258,62,fusion3_val,0.7306,0.7813,2.353
val,79,IXI015-HH-1258,62,oracle,1.0,1.0,9.436
val,80,IXI015-HH-1258,67,fixed2,0.7147,0.7769,2.102
val,80,IXI015-HH-1258,67,ccr_only,0.4187,0.5884,1.249
val,80,IXI015-HH-1258,67,fusion3_eq,0.7016,0.767,1.97
val,80,IXI015-HH-1258,67,fusion3_val,0.7153,0.779,2.134
val,80,IXI015-HH-1258,67,oracle,1.0,1.0,8.739
val,81,IXI015-HH-1258,72,fixed2,0.7412,0.774,1.785
val,81,IXI015-HH-1258,72,ccr_only,0.4155,0.5863,0.9
val,81,IXI015-HH-1258,72,fusion3_eq,0.7203,0.7521,1.674
val,81,IXI015-HH-1258,72,fusion3_val,0.7428,0.7743,1.805
val,81,IXI015-HH-1258,72,oracle,1.0,1.0,7.387
val,82,IXI015-HH-1258,77,fixed2,0.7138,0.7559,1.763
val,82,IXI015-HH-1258,77,ccr_only,0.3993,0.5497,0.475
val,82,IXI015-HH-1258,77,fusion3_eq,0.6855,0.7224,1.181
val,82,IXI015-HH-1258,77,fusion3_val,0.7135,0.7538,1.677
val,82,IXI015-HH-1258,77,oracle,1.0,1.0,8.059
val,83,IXI015-HH-1258,82,fixed2,0.7163,0.7616,1.421
val,83,IXI015-HH-1258,82,ccr_only,0.4124,0.5618,0.82
val,83,IXI015-HH-1258,82,fusion3_eq,0.704,0.7512,1.427
val,83,IXI015-HH-1258,82,fusion3_val,0.7189,0.7653,1.478
val,83,IXI015-HH-1258,82,oracle,1.0,1.0,8.941
val,84,IXI015-HH-1258,87,fixed2,0.7904,0.8393,2.425
val,84,IXI015-HH-1258,87,ccr_only,0.4177,0.6083,1.143
val,84,IXI015-HH-1258,87,fusion3_eq,0.7524,0.8072,2.3
val,84,IXI015-HH-1258,87,fusion3_val,0.7907,0.8399,2.474
val,84,IXI015-HH-1258,87,oracle,1.0,1.0,9.594
val,85,IXI015-HH-1258,92,fixed2,0.7594,0.829,3.294
val,85,IXI015-HH-1258,92,ccr_only,0.4438,0.549,0.681
val,85,IXI015-HH-1258,92,fusion3_eq,0.7312,0.7884,1.969
val,85,IXI015-HH-1258,92,fusion3_val,0.7558,0.8263,3.282
val,85,IXI015-HH-1258,92,oracle,1.0,1.0,8.448
val,86,IXI015-HH-1258,97,fixed2,0.7844,0.861,4.199
val,86,IXI015-HH-1258,97,ccr_only,0.4809,0.588,1.17
val,86,IXI015-HH-1258,97,fusion3_eq,0.7681,0.8245,3.127
val,86,IXI015-HH-1258,97,fusion3_val,0.7836,0.8588,4.107
val,86,IXI015-HH-1258,97,oracle,1.0,1.0,9.085
val,87,IXI015-HH-1258,102,fixed2,0.8113,0.8468,2.77
val,87,IXI015-HH-1258,102,ccr_only,0.4653,0.5887,1.248
val,87,IXI015-HH-1258,102,fusion3_eq,0.7887,0.8187,2.476
val,87,IXI015-HH-1258,102,fusion3_val,0.8109,0.847,2.809
val,87,IXI015-HH-1258,102,oracle,1.0,1.0,10.073
val,88,IXI015-HH-1258,107,fixed2,0.8085,0.8432,2.891
val,88,IXI015-HH-1258,107,ccr_only,0.4859,0.6131,1.159
val,88,IXI015-HH-1258,107,fusion3_eq,0.799,0.8228,2.464
val,88,IXI015-HH-1258,107,fusion3_val,0.8091,0.8431,2.862
val,88,IXI015-HH-1258,107,oracle,1.0,1.0,8.956
val,89,IXI015-HH-1258,112,fixed2,0.8305,0.8622,3.309
val,89,IXI015-HH-1258,112,ccr_only,0.4531,0.5933,1.285
val,89,IXI015-HH-1258,112,fusion3_eq,0.8105,0.8368,2.733
val,89,IXI015-HH-1258,112,fusion3_val,0.83,0.8618,3.372
val,89,IXI015-HH-1258,112,oracle,1.0,1.0,10.58
val,90,IXI015-HH-1258,117,fixed2,0.8301,0.8636,2.906
val,90,IXI015-HH-1258,117,ccr_only,0.4545,0.633,1.471
val,90,IXI015-HH-1258,117,fusion3_eq,0.8059,0.8402,2.321
val,90,IXI015-HH-1258,117,fusion3_val,0.8288,0.8629,2.855
val,90,IXI015-HH-1258,117,oracle,1.0,1.0,12.762
val,91,IXI016-Guys-0697,30,fixed2,0.7934,0.8047,3.268
val,91,IXI016-Guys-0697,30,ccr_only,0.2288,0.262,-0.427
val,91,IXI016-Guys-0697,30,fusion3_eq,0.7468,0.7234,1.366
val,91,IXI016-Guys-0697,30,fusion3_val,0.7939,0.7935,3.027
val,91,IXI016-Guys-0697,30,oracle,1.0,1.0,11.301
val,92,IXI016-Guys-0697,35,fixed2,0.7586,0.7379,2.359
val,92,IXI016-Guys-0697,35,ccr_only,0.2541,0.2783,-0.549
val,92,IXI016-Guys-0697,35,fusion3_eq,0.7083,0.6512,0.947
val,92,IXI016-Guys-0697,35,fusion3_val,0.7559,0.7253,2.131
val,92,IXI016-Guys-0697,35,oracle,1.0,1.0,11.918
val,93,IXI016-Guys-0697,40,fixed2,0.7344,0.6882,1.617
val,93,IXI016-Guys-0697,40,ccr_only,0.281,0.3184,-0.375
val,93,IXI016-Guys-0697,40,fusion3_eq,0.6849,0.6208,0.808
val,93,IXI016-Guys-0697,40,fusion3_val,0.7301,0.6786,1.523
val,93,IXI016-Guys-0697,40,oracle,1.0,1.0,11.117
val,94,IXI016-Guys-0697,45,fixed2,0.721,0.6778,1.407
val,94,IXI016-Guys-0697,45,ccr_only,0.2637,0.329,-0.282
val,94,IXI016-Guys-0697,45,fusion3_eq,0.6653,0.6091,0.743
val,94,IXI016-Guys-0697,45,fusion3_val,0.7131,0.6663,1.362
val,94,IXI016-Guys-0697,45,oracle,1.0,1.0,10.516
val,95,IXI016-Guys-0697,50,fixed2,0.6887,0.65,1.029
val,95,IXI016-Guys-0697,50,ccr_only,0.2713,0.3328,-0.338
val,95,IXI016-Guys-0697,50,fusion3_eq,0.6384,0.5886,0.465
val,95,IXI016-Guys-0697,50,fusion3_val,0.6823,0.641,0.96
val,95,IXI016-Guys-0697,50,oracle,1.0,1.0,10.908
val,96,IXI016-Guys-0697,55,fixed2,0.6653,0.6326,0.81
val,96,IXI016-Guys-0697,55,ccr_only,0.252,0.3283,-0.352
val,96,IXI016-Guys-0697,55,fusion3_eq,0.6227,0.5815,0.416
val,96,IXI016-Guys-0697,55,fusion3_val,0.6606,0.6263,0.764
val,96,IXI016-Guys-0697,55,oracle,1.0,1.0,11.111
val,97,IXI016-Guys-0697,60,fixed2,0.6431,0.6294,0.909
val,97,IXI016-Guys-0697,60,ccr_only,0.2386,0.3761,-0.179
val,97,IXI016-Guys-0697,60,fusion3_eq,0.5994,0.5843,0.599
val,97,IXI016-Guys-0697,60,fusion3_val,0.6386,0.6239,0.891
val,97,IXI016-Guys-0697,60,oracle,1.0,1.0,10.339
val,98,IXI016-Guys-0697,65,fixed2,0.6023,0.6061,0.7
val,98,IXI016-Guys-0697,65,ccr_only,0.1772,0.3489,-0.265
val,98,IXI016-Guys-0697,65,fusion3_eq,0.5521,0.5596,0.354
val,98,IXI016-Guys-0697,65,fusion3_val,0.5985,0.6015,0.705
val,98,IXI016-Guys-0697,65,oracle,1.0,1.0,9.85
val,99,IXI016-Guys-0697,70,fixed2,0.5984,0.618,0.754
val,99,IXI016-Guys-0697,70,ccr_only,0.1239,0.3296,-0.447
val,99,IXI016-Guys-0697,70,fusion3_eq,0.5268,0.557,0.294
val,99,IXI016-Guys-0697,70,fusion3_val,0.5904,0.6113,0.7
val,99,IXI016-Guys-0697,70,oracle,1.0,1.0,9.685
test,0,IXI017-Guys-0698,27,fixed2,0.8183,0.894,5.446
test,0,IXI017-Guys-0698,27,ccr_only,0.4309,0.6439,1.184
test,0,IXI017-Guys-0698,27,fusion3_eq,0.7653,0.8592,4.904
test,0,IXI017-Guys-0698,27,fusion3_val,0.8128,0.8895,5.383
test,0,IXI017-Guys-0698,27,oracle,1.0,1.0,15.404
test,1,IXI017-Guys-0698,34,fixed2,0.8286,0.8395,2.944
test,1,IXI017-Guys-0698,34,ccr_only,0.432,0.4991,0.257
test,1,IXI017-Guys-0698,34,fusion3_eq,0.784,0.7873,2.248
test,1,IXI017-Guys-0698,34,fusion3_val,0.8244,0.8326,2.86
test,1,IXI017-Guys-0698,34,oracle,1.0,1.0,13.257
test,2,IXI017-Guys-0698,41,fixed2,0.8023,0.8232,2.685
test,2,IXI017-Guys-0698,41,ccr_only,0.4708,0.4985,0.118
test,2,IXI017-Guys-0698,41,fusion3_eq,0.7779,0.7827,2.112
test,2,IXI017-Guys-0698,41,fusion3_val,0.802,0.8181,2.618
test,2,IXI017-Guys-0698,41,oracle,1.0,1.0,11.435
test,3,IXI017-Guys-0698,48,fixed2,0.7994,0.8323,2.827
test,3,IXI017-Guys-0698,48,ccr_only,0.4391,0.5096,0.614
test,3,IXI017-Guys-0698,48,fusion3_eq,0.7771,0.7931,2.208
test,3,IXI017-Guys-0698,48,fusion3_val,0.7997,0.8287,2.79
test,3,IXI017-Guys-0698,48,oracle,1.0,1.0,12.188
test,4,IXI017-Guys-0698,55,fixed2,0.778,0.8041,2.27
test,4,IXI017-Guys-0698,55,ccr_only,0.4506,0.555,0.778
test,4,IXI017-Guys-0698,55,fusion3_eq,0.7612,0.7834,2.134
test,4,IXI017-Guys-0698,55,fusion3_val,0.779,0.805,2.443
test,4,IXI017-Guys-0698,55,oracle,1.0,1.0,11.877
test,5,IXI017-Guys-0698,62,fixed2,0.7617,0.7925,2.085
test,5,IXI017-Guys-0698,62,ccr_only,0.4001,0.5074,0.243
test,5,IXI017-Guys-0698,62,fusion3_eq,0.7382,0.7617,1.5
test,5,IXI017-Guys-0698,62,fusion3_val,0.7618,0.7911,2.076
test,5,IXI017-Guys-0698,62,oracle,1.0,1.0,10.918
test,6,IXI017-Guys-0698,69,fixed2,0.7394,0.7626,1.257
test,6,IXI017-Guys-0698,69,ccr_only,0.3819,0.483,0.046
test,6,IXI017-Guys-0698,69,fusion3_eq,0.7016,0.7147,0.816
test,6,IXI017-Guys-0698,69,fusion3_val,0.7351,0.7565,1.225
test,6,IXI017-Guys-0698,69,oracle,1.0,1.0,8.669
test,7,IXI017-Guys-0698,76,fixed2,0.733,0.7242,0.994
test,7,IXI017-Guys-0698,76,ccr_only,0.3669,0.4483,-0.025
test,7,IXI017-Guys-0698,76,fusion3_eq,0.6797,0.6601,0.507
test,7,IXI017-Guys-0698,76,fusion3_val,0.7262,0.7142,0.923
test,7,IXI017-Guys-0698,76,oracle,1.0,1.0,8.401
test,8,IXI017-Guys-0698,83,fixed2,0.758,0.782,1.742
test,8,IXI017-Guys-0698,83,ccr_only,0.4044,0.522,0.29
test,8,IXI017-Guys-0698,83,fusion3_eq,0.7318,0.7513,1.306
test,8,IXI017-Guys-0698,83,fusion3_val,0.7571,0.7796,1.668
test,8,IXI017-Guys-0698,83,oracle,1.0,1.0,11.144
test,9,IXI017-Guys-0698,90,fixed2,0.7783,0.8019,1.705
test,9,IXI017-Guys-0698,90,ccr_only,0.4421,0.5465,0.514
test,9,IXI017-Guys-0698,90,fusion3_eq,0.7563,0.7701,1.474
test,9,IXI017-Guys-0698,90,fusion3_val,0.7786,0.8005,1.688
test,9,IXI017-Guys-0698,90,oracle,1.0,1.0,11.183
test,10,IXI017-Guys-0698,97,fixed2,0.7867,0.8202,2.348
test,10,IXI017-Guys-0698,97,ccr_only,0.4572,0.5538,0.525
test,10,IXI017-Guys-0698,97,fusion3_eq,0.7709,0.7925,2.141
test,10,IXI017-Guys-0698,97,fusion3_val,0.7877,0.8185,2.359
test,10,IXI017-Guys-0698,97,oracle,1.0,1.0,11.77
test,11,IXI017-Guys-0698,104,fixed2,0.7893,0.8277,2.364
test,11,IXI017-Guys-0698,104,ccr_only,0.4391,0.4898,0.099
test,11,IXI017-Guys-0698,104,fusion3_eq,0.7754,0.7948,1.999
test,11,IXI017-Guys-0698,104,fusion3_val,0.7925,0.8265,2.382
test,11,IXI017-Guys-0698,104,oracle,1.0,1.0,12.17
test,12,IXI017-Guys-0698,111,fixed2,0.8109,0.8477,2.317
test,12,IXI017-Guys-0698,111,ccr_only,0.4566,0.5023,-0.135
test,12,IXI017-Guys-0698,111,fusion3_eq,0.7904,0.8089,1.414
test,12,IXI017-Guys-0698,111,fusion3_val,0.8138,0.8439,2.192
test,12,IXI017-Guys-0698,111,oracle,1.0,1.0,12.552
test,13,IXI017-Guys-0698,118,fixed2,0.7984,0.8894,4.094
test,13,IXI017-Guys-0698,118,ccr_only,0.3935,0.5335,0.107
test,13,IXI017-Guys-0698,118,fusion3_eq,0.7714,0.8576,2.784
test,13,IXI017-Guys-0698,118,fusion3_val,0.7993,0.8857,3.939
test,13,IXI017-Guys-0698,118,oracle,1.0,1.0,13.959
test,14,IXI019-Guys-0702,27,fixed2,0.8506,0.8746,4.725
test,14,IXI019-Guys-0702,27,ccr_only,0.5616,0.7029,1.466
test,14,IXI019-Guys-0702,27,fusion3_eq,0.8477,0.8606,3.74
test,14,IXI019-Guys-0702,27,fusion3_val,0.8557,0.8764,4.803
test,14,IXI019-Guys-0702,27,oracle,1.0,1.0,10.526
test,15,IXI019-Guys-0702,34,fixed2,0.826,0.8556,3.436
test,15,IXI019-Guys-0702,34,ccr_only,0.503,0.5181,0.207
test,15,IXI019-Guys-0702,34,fusion3_eq,0.8128,0.8099,2.068
test,15,IXI019-Guys-0702,34,fusion3_val,0.8293,0.8528,3.308
test,15,IXI019-Guys-0702,34,oracle,1.0,1.0,10.51
test,16,IXI019-Guys-0702,41,fixed2,0.8039,0.8453,3.317
test,16,IXI019-Guys-0702,41,ccr_only,0.4202,0.4357,0.236
test,16,IXI019-Guys-0702,41,fusion3_eq,0.7754,0.7836,2.023
test,16,IXI019-Guys-0702,41,fusion3_val,0.8037,0.8396,3.251
test,16,IXI019-Guys-0702,41,oracle,1.0,1.0,10.231
test,17,IXI019-Guys-0702,48,fixed2,0.7846,0.8302,2.501
test,17,IXI019-Guys-0702,48,ccr_only,0.3638,0.4775,0.497
test,17,IXI019-Guys-0702,48,fusion3_eq,0.7552,0.7798,1.932
test,17,IXI019-Guys-0702,48,fusion3_val,0.7852,0.8258,2.41
test,17,IXI019-Guys-0702,48,oracle,1.0,1.0,9.485
test,18,IXI019-Guys-0702,55,fixed2,0.7454,0.8019,2.268
test,18,IXI019-Guys-0702,55,ccr_only,0.3614,0.5026,0.635
test,18,IXI019-Guys-0702,55,fusion3_eq,0.7317,0.7683,1.791
test,18,IXI019-Guys-0702,55,fusion3_val,0.7494,0.8016,2.28
test,18,IXI019-Guys-0702,55,oracle,1.0,1.0,9.279
test,19,IXI019-Guys-0702,62,fixed2,0.7108,0.7602,1.533
test,19,IXI019-Guys-0702,62,ccr_only,0.3028,0.467,0.28
test,19,IXI019-Guys-0702,62,fusion3_eq,0.6873,0.7224,1.143
test,19,IXI019-Guys-0702,62,fusion3_val,0.7124,0.7578,1.483
test,19,IXI019-Guys-0702,62,oracle,1.0,1.0,8.785
test,20,IXI019-Guys-0702,69,fixed2,0.6782,0.727,1.059
test,20,IXI019-Guys-0702,69,ccr_only,0.2682,0.422,-0.081
test,20,IXI019-Guys-0702,69,fusion3_eq,0.6186,0.6435,0.636
test,20,IXI019-Guys-0702,69,fusion3_val,0.6742,0.7168,1.021
test,20,IXI019-Guys-0702,69,oracle,1.0,1.0,8.418
test,21,IXI019-Guys-0702,76,fixed2,0.6165,0.6462,0.678
test,21,IXI019-Guys-0702,76,ccr_only,0.2135,0.4063,-0.166
test,21,IXI019-Guys-0702,76,fusion3_eq,0.5427,0.5742,0.108
test,21,IXI019-Guys-0702,76,fusion3_val,0.6071,0.6342,0.611
test,21,IXI019-Guys-0702,76,oracle,1.0,1.0,6.969
test,22,IXI019-Guys-0702,83,fixed2,0.6739,0.7005,0.852
test,22,IXI019-Guys-0702,83,ccr_only,0.2153,0.4117,-0.017
test,22,IXI019-Guys-0702,83,fusion3_eq,0.5962,0.6175,0.578
test,22,IXI019-Guys-0702,83,fusion3_val,0.6684,0.6901,0.837
test,22,IXI019-Guys-0702,83,oracle,1.0,1.0,8.659
test,23,IXI019-Guys-0702,90,fixed2,0.6937,0.7179,1.099
test,23,IXI019-Guys-0702,90,ccr_only,0.2965,0.4642,0.279
test,23,IXI019-Guys-0702,90,fusion3_eq,0.6557,0.6705,0.884
test,23,IXI019-Guys-0702,90,fusion3_val,0.6941,0.7131,1.054
test,23,IXI019-Guys-0702,90,oracle,1.0,1.0,8.999
test,24,IXI019-Guys-0702,97,fixed2,0.7423,0.7546,1.473
test,24,IXI019-Guys-0702,97,ccr_only,0.3322,0.5096,0.437
test,24,IXI019-Guys-0702,97,fusion3_eq,0.7041,0.717,1.045
test,24,IXI019-Guys-0702,97,fusion3_val,0.7421,0.7525,1.463
test,24,IXI019-Guys-0702,97,oracle,1.0,1.0,9.868
test,25,IXI019-Guys-0702,104,fixed2,0.7675,0.7492,1.296
test,25,IXI019-Guys-0702,104,ccr_only,0.3638,0.5042,0.54
test,25,IXI019-Guys-0702,104,fusion3_eq,0.7255,0.7035,1.021
test,25,IXI019-Guys-0702,104,fusion3_val,0.7658,0.7444,1.244
test,25,IXI019-Guys-0702,104,oracle,1.0,1.0,10.252
test,26,IXI019-Guys-0702,111,fixed2,0.7759,0.7319,1.173
test,26,IXI019-Guys-0702,111,ccr_only,0.3866,0.4705,0.199
test,26,IXI019-Guys-0702,111,fusion3_eq,0.7306,0.6776,0.76
test,26,IXI019-Guys-0702,111,fusion3_val,0.7714,0.7234,1.143
test,26,IXI019-Guys-0702,111,oracle,1.0,1.0,10.512
test,27,IXI019-Guys-0702,118,fixed2,0.81,0.7789,1.374
test,27,IXI019-Guys-0702,118,ccr_only,0.4536,0.5058,0.252
test,27,IXI019-Guys-0702,118,fusion3_eq,0.7812,0.7306,0.8
test,27,IXI019-Guys-0702,118,fusion3_val,0.8111,0.7729,1.299
test,27,IXI019-Guys-0702,118,oracle,1.0,1.0,11.279
test,28,IXI020-Guys-0700,26,fixed2,0.8697,0.9266,5.27
test,28,IXI020-Guys-0700,26,ccr_only,0.404,0.4735,0.542
test,28,IXI020-Guys-0700,26,fusion3_eq,0.8422,0.8839,4.076
test,28,IXI020-Guys-0700,26,fusion3_val,0.8707,0.9235,5.131
test,28,IXI020-Guys-0700,26,oracle,1.0,1.0,11.308
test,29,IXI020-Guys-0700,33,fixed2,0.8805,0.9103,5.084
test,29,IXI020-Guys-0700,33,ccr_only,0.4536,0.4912,0.64
test,29,IXI020-Guys-0700,33,fusion3_eq,0.8526,0.8621,3.717
test,29,IXI020-Guys-0700,33,fusion3_val,0.8807,0.9061,4.888
test,29,IXI020-Guys-0700,33,oracle,1.0,1.0,11.468
test,30,IXI020-Guys-0700,40,fixed2,0.8723,0.9135,5.707
test,30,IXI020-Guys-0700,40,ccr_only,0.4775,0.535,0.55
test,30,IXI020-Guys-0700,40,fusion3_eq,0.8503,0.88,5.062
test,30,IXI020-Guys-0700,40,fusion3_val,0.8725,0.912,5.696
test,30,IXI020-Guys-0700,40,oracle,1.0,1.0,10.687
test,31,IXI020-Guys-0700,47,fixed2,0.8338,0.8764,4.577
test,31,IXI020-Guys-0700,47,ccr_only,0.4817,0.5832,0.463
test,31,IXI020-Guys-0700,47,fusion3_eq,0.8184,0.8521,4.242
test,31,IXI020-Guys-0700,47,fusion3_val,0.8357,0.8777,4.58
test,31,IXI020-Guys-0700,47,oracle,1.0,1.0,10.927
test,32,IXI020-Guys-0700,54,fixed2,0.7999,0.8431,4.016
test,32,IXI020-Guys-0700,54,ccr_only,0.4616,0.5455,0.231
test,32,IXI020-Guys-0700,54,fusion3_eq,0.7804,0.8156,3.526
test,32,IXI020-Guys-0700,54,fusion3_val,0.8005,0.8436,3.979
test,32,IXI020-Guys-0700,54,oracle,1.0,1.0,10.557
test,33,IXI020-Guys-0700,61,fixed2,0.7665,0.8177,3.593
test,33,IXI020-Guys-0700,61,ccr_only,0.384,0.4613,-0.126
test,33,IXI020-Guys-0700,61,fusion3_eq,0.7352,0.7805,3.137
test,33,IXI020-Guys-0700,61,fusion3_val,0.7659,0.8169,3.531
test,33,IXI020-Guys-0700,61,oracle,1.0,1.0,10.995
test,34,IXI020-Guys-0700,68,fixed2,0.754,0.7915,3.047
test,34,IXI020-Guys-0700,68,ccr_only,0.3642,0.4328,-0.245
test,34,IXI020-Guys-0700,68,fusion3_eq,0.7137,0.7369,2.272
test,34,IXI020-Guys-0700,68,fusion3_val,0.7503,0.7849,2.919
test,34,IXI020-Guys-0700,68,oracle,1.0,1.0,10.576
test,35,IXI020-Guys-0700,75,fixed2,0.7727,0.815,3.342
test,35,IXI020-Guys-0700,75,ccr_only,0.3622,0.4224,-0.252
test,35,IXI020-Guys-0700,75,fusion3_eq,0.7342,0.7627,2.861
test,35,IXI020-Guys-0700,75,fusion3_val,0.7697,0.8096,3.254
test,35,IXI020-Guys-0700,75,oracle,1.0,1.0,10.502
test,36,IXI020-Guys-0700,82,fixed2,0.7877,0.821,3.518
test,36,IXI020-Guys-0700,82,ccr_only,0.4139,0.4708,-0.057
test,36,IXI020-Guys-0700,82,fusion3_eq,0.7586,0.7824,2.993
test,36,IXI020-Guys-0700,82,fusion3_val,0.7867,0.8186,3.408
test,36,IXI020-Guys-0700,82,oracle,1.0,1.0,10.809
test,37,IXI020-Guys-0700,89,fixed2,0.8265,0.8553,4.12
test,37,IXI020-Guys-0700,89,ccr_only,0.4575,0.5262,0.145
test,37,IXI020-Guys-0700,89,fusion3_eq,0.8085,0.8274,3.783
test,37,IXI020-Guys-0700,89,fusion3_val,0.8283,0.8556,4.183
test,37,IXI020-Guys-0700,89,oracle,1.0,1.0,11.343
test,38,IXI020-Guys-0700,96,fixed2,0.8421,0.8658,4.095
test,38,IXI020-Guys-0700,96,ccr_only,0.5127,0.5756,0.316
test,38,IXI020-Guys-0700,96,fusion3_eq,0.829,0.8465,3.94
test,38,IXI020-Guys-0700,96,fusion3_val,0.8441,0.8673,4.189
test,38,IXI020-Guys-0700,96,oracle,1.0,1.0,10.791
test,39,IXI020-Guys-0700,103,fixed2,0.8696,0.8907,4.339
test,39,IXI020-Guys-0700,103,ccr_only,0.4804,0.4962,0.182
test,39,IXI020-Guys-0700,103,fusion3_eq,0.8503,0.8508,3.125
test,39,IXI020-Guys-0700,103,fusion3_val,0.8715,0.8893,4.091
test,39,IXI020-Guys-0700,103,oracle,1.0,1.0,11.189
test,40,IXI020-Guys-0700,110,fixed2,0.8779,0.9031,4.083
test,40,IXI020-Guys-0700,110,ccr_only,0.5139,0.5524,0.483
test,40,IXI020-Guys-0700,110,fusion3_eq,0.8566,0.8683,2.791
test,40,IXI020-Guys-0700,110,fusion3_val,0.8793,0.9016,3.897
test,40,IXI020-Guys-0700,110,oracle,1.0,1.0,11.498
test,41,IXI020-Guys-0700,117,fixed2,0.8332,0.9008,3.333
test,41,IXI020-Guys-0700,117,ccr_only,0.5032,0.6153,0.688
test,41,IXI020-Guys-0700,117,fusion3_eq,0.8092,0.877,2.941
test,41,IXI020-Guys-0700,117,fusion3_val,0.8345,0.8996,3.255
test,41,IXI020-Guys-0700,117,oracle,1.0,1.0,12.675
test,42,IXI021-Guys-0703,32,fixed2,0.8394,0.9141,5.425
test,42,IXI021-Guys-0703,32,ccr_only,0.4308,0.5559,0.72
test,42,IXI021-Guys-0703,32,fusion3_eq,0.8065,0.8606,4.085
test,42,IXI021-Guys-0703,32,fusion3_val,0.8393,0.907,5.092
test,42,IXI021-Guys-0703,32,oracle,1.0,1.0,16.474
test,43,IXI021-Guys-0703,39,fixed2,0.8305,0.8386,3.105
test,43,IXI021-Guys-0703,39,ccr_only,0.4149,0.4807,0.009
test,43,IXI021-Guys-0703,39,fusion3_eq,0.7822,0.7712,2.265
test,43,IXI021-Guys-0703,39,fusion3_val,0.8255,0.8288,2.965
test,43,IXI021-Guys-0703,39,oracle,1.0,1.0,14.053
test,44,IXI021-Guys-0703,46,fixed2,0.8027,0.8031,2.49
test,44,IXI021-Guys-0703,46,ccr_only,0.3781,0.4332,-0.145
test,44,IXI021-Guys-0703,46,fusion3_eq,0.7517,0.7332,1.73
test,44,IXI021-Guys-0703,46,fusion3_val,0.8001,0.7937,2.384
test,44,IXI021-Guys-0703,46,oracle,1.0,1.0,12.547
test,45,IXI021-Guys-0703,53,fixed2,0.7752,0.7901,1.926
test,45,IXI021-Guys-0703,53,ccr_only,0.374,0.4749,-0.08
test,45,IXI021-Guys-0703,53,fusion3_eq,0.7268,0.7353,1.37
test,45,IXI021-Guys-0703,53,fusion3_val,0.7721,0.7839,1.829
test,45,IXI021-Guys-0703,53,oracle,1.0,1.0,12.459
test,46,IXI021-Guys-0703,60,fixed2,0.7472,0.7616,1.626
test,46,IXI021-Guys-0703,60,ccr_only,0.3277,0.4455,-0.118
test,46,IXI021-Guys-0703,60,fusion3_eq,0.6951,0.7039,1.007
test,46,IXI021-Guys-0703,60,fusion3_val,0.7427,0.7547,1.558
test,46,IXI021-Guys-0703,60,oracle,1.0,1.0,11.169
test,47,IXI021-Guys-0703,67,fixed2,0.7063,0.7436,1.129
test,47,IXI021-Guys-0703,67,ccr_only,0.2665,0.394,-0.239
test,47,IXI021-Guys-0703,67,fusion3_eq,0.6511,0.6774,0.637
test,47,IXI021-Guys-0703,67,fusion3_val,0.7013,0.7355,1.058
test,47,IXI021-Guys-0703,67,oracle,1.0,1.0,10.177
test,48,IXI021-Guys-0703,74,fixed2,0.6638,0.7027,0.76
test,48,IXI021-Guys-0703,74,ccr_only,0.2291,0.3449,-0.386
test,48,IXI021-Guys-0703,74,fusion3_eq,0.6054,0.6161,0.214
test,48,IXI021-Guys-0703,74,fusion3_val,0.658,0.6884,0.687
test,48,IXI021-Guys-0703,74,oracle,1.0,1.0,9.652
test,49,IXI021-Guys-0703,81,fixed2,0.6991,0.7261,0.959
test,49,IXI021-Guys-0703,81,ccr_only,0.2035,0.3327,-0.414
test,49,IXI021-Guys-0703,81,fusion3_eq,0.6248,0.6352,0.379
test,49,IXI021-Guys-0703,81,fusion3_val,0.6903,0.7122,0.868
test,49,IXI021-Guys-0703,81,oracle,1.0,1.0,10.21
test,50,IXI021-Guys-0703,88,fixed2,0.7184,0.7362,1.003
test,50,IXI021-Guys-0703,88,ccr_only,0.273,0.4007,-0.25
test,50,IXI021-Guys-0703,88,fusion3_eq,0.6667,0.6756,0.576
test,50,IXI021-Guys-0703,88,fusion3_val,0.7156,0.7298,0.965
test,50,IXI021-Guys-0703,88,oracle,1.0,1.0,10.626
test,51,IXI021-Guys-0703,95,fixed2,0.7495,0.7577,1.462
test,51,IXI021-Guys-0703,95,ccr_only,0.3375,0.4759,0.019
test,51,IXI021-Guys-0703,95,fusion3_eq,0.7069,0.718,1.018
test,51,IXI021-Guys-0703,95,fusion3_val,0.7468,0.7549,1.419
test,51,IXI021-Guys-0703,95,oracle,1.0,1.0,11.744
test,52,IXI021-Guys-0703,102,fixed2,0.7764,0.7766,1.365
test,52,IXI021-Guys-0703,102,ccr_only,0.4054,0.4973,0.002
test,52,IXI021-Guys-0703,102,fusion3_eq,0.7393,0.7344,0.976
test,52,IXI021-Guys-0703,102,fusion3_val,0.7754,0.7737,1.316
test,52,IXI021-Guys-0703,102,oracle,1.0,1.0,12.58
test,53,IXI021-Guys-0703,109,fixed2,0.7921,0.765,1.358
test,53,IXI021-Guys-0703,109,ccr_only,0.4071,0.4622,-0.081
test,53,IXI021-Guys-0703,109,fusion3_eq,0.7503,0.7068,0.905
test,53,IXI021-Guys-0703,109,fusion3_val,0.7908,0.7567,1.265
test,53,IXI021-Guys-0703,109,oracle,1.0,1.0,12.485
test,54,IXI021-Guys-0703,116,fixed2,0.8259,0.8174,2.324
test,54,IXI021-Guys-0703,116,ccr_only,0.4276,0.4934,-0.014
test,54,IXI021-Guys-0703,116,fusion3_eq,0.7852,0.7592,1.553
test,54,IXI021-Guys-0703,116,fusion3_val,0.8246,0.8093,2.228
test,54,IXI021-Guys-0703,116,oracle,1.0,1.0,13.418
test,55,IXI022-Guys-0701,23,fixed2,0.8571,0.8597,3.401
test,55,IXI022-Guys-0701,23,ccr_only,0.5162,0.5914,0.723
test,55,IXI022-Guys-0701,23,fusion3_eq,0.8454,0.8254,2.634
test,55,IXI022-Guys-0701,23,fusion3_val,0.8596,0.8555,3.177
test,55,IXI022-Guys-0701,23,oracle,1.0,1.0,11.891
test,56,IXI022-Guys-0701,30,fixed2,0.8372,0.8242,2.677
test,56,IXI022-Guys-0701,30,ccr_only,0.4959,0.5063,0.368
test,56,IXI022-Guys-0701,30,fusion3_eq,0.8079,0.7754,1.834
test,56,IXI022-Guys-0701,30,fusion3_val,0.8346,0.8177,2.562
test,56,IXI022-Guys-0701,30,oracle,1.0,1.0,11.056
test,57,IXI022-Guys-0701,37,fixed2,0.804,0.8282,2.991
test,57,IXI022-Guys-0701,37,ccr_only,0.4824,0.5657,0.585
test,57,IXI022-Guys-0701,37,fusion3_eq,0.769,0.7806,1.868
test,57,IXI022-Guys-0701,37,fusion3_val,0.8,0.8234,2.89
test,57,IXI022-Guys-0701,37,oracle,1.0,1.0,9.693
test,58,IXI022-Guys-0701,44,fixed2,0.7783,0.8222,3.04
test,58,IXI022-Guys-0701,44,ccr_only,0.4436,0.5445,0.536
test,58,IXI022-Guys-0701,44,fusion3_eq,0.7449,0.7762,2.493
test,58,IXI022-Guys-0701,44,fusion3_val,0.7756,0.8174,3.003
test,58,IXI022-Guys-0701,44,oracle,1.0,1.0,8.948
test,59,IXI022-Guys-0701,51,fixed2,0.723,0.7888,2.205
test,59,IXI022-Guys-0701,51,ccr_only,0.3547,0.4602,0.154
test,59,IXI022-Guys-0701,51,fusion3_eq,0.6883,0.7366,1.553
test,59,IXI022-Guys-0701,51,fusion3_val,0.7198,0.7832,2.135
test,59,IXI022-Guys-0701,51,oracle,1.0,1.0,10.081
test,60,IXI022-Guys-0701,58,fixed2,0.675,0.7048,1.353
test,60,IXI022-Guys-0701,58,ccr_only,0.3679,0.4763,0.198
test,60,IXI022-Guys-0701,58,fusion3_eq,0.6364,0.6625,1.037
test,60,IXI022-Guys-0701,58,fusion3_val,0.6728,0.7005,1.359
test,60,IXI022-Guys-0701,58,oracle,1.0,1.0,8.255
test,61,IXI022-Guys-0701,65,fixed2,0.6309,0.7107,1.111
test,61,IXI022-Guys-0701,65,ccr_only,0.2395,0.3617,-0.167
test,61,IXI022-Guys-0701,65,fusion3_eq,0.583,0.6413,0.506
test,61,IXI022-Guys-0701,65,fusion3_val,0.6272,0.7027,1.032
test,61,IXI022-Guys-0701,65,oracle,1.0,1.0,8.393
test,62,IXI022-Guys-0701,72,fixed2,0.5967,0.6404,0.551
test,62,IXI022-Guys-0701,72,ccr_only,0.3023,0.3996,-0.109
test,62,IXI022-Guys-0701,72,fusion3_eq,0.5532,0.5727,0.11
test,62,IXI022-Guys-0701,72,fusion3_val,0.5908,0.6287,0.493
test,62,IXI022-Guys-0701,72,oracle,1.0,1.0,7.384
test,63,IXI022-Guys-0701,79,fixed2,0.6511,0.6942,1.064
test,63,IXI022-Guys-0701,79,ccr_only,0.2885,0.3942,-0.144
test,63,IXI022-Guys-0701,79,fusion3_eq,0.5954,0.623,0.447
test,63,IXI022-Guys-0701,79,fusion3_val,0.6471,0.6861,1.028
test,63,IXI022-Guys-0701,79,oracle,1.0,1.0,8.631
test,64,IXI022-Guys-0701,86,fixed2,0.7383,0.7469,1.706
test,64,IXI022-Guys-0701,86,ccr_only,0.4459,0.5511,0.646
test,64,IXI022-Guys-0701,86,fusion3_eq,0.6991,0.7082,1.525
test,64,IXI022-Guys-0701,86,fusion3_val,0.7363,0.7442,1.733
test,64,IXI022-Guys-0701,86,oracle,1.0,1.0,7.526
test,65,IXI022-Guys-0701,93,fixed2,0.7673,0.7965,2.484
test,65,IXI022-Guys-0701,93,ccr_only,0.4009,0.5044,0.329
test,65,IXI022-Guys-0701,93,fusion3_eq,0.7375,0.7518,1.906
test,65,IXI022-Guys-0701,93,fusion3_val,0.7666,0.793,2.429
test,65,IXI022-Guys-0701,93,oracle,1.0,1.0,9.569
test,66,IXI022-Guys-0701,100,fixed2,0.7841,0.7958,1.89
test,66,IXI022-Guys-0701,100,ccr_only,0.4278,0.4842,0.108
test,66,IXI022-Guys-0701,100,fusion3_eq,0.7512,0.737,1.167
test,66,IXI022-Guys-0701,100,fusion3_val,0.783,0.7907,1.797
test,66,IXI022-Guys-0701,100,oracle,1.0,1.0,9.558
test,67,IXI022-Guys-0701,107,fixed2,0.8183,0.8255,2.686
test,67,IXI022-Guys-0701,107,ccr_only,0.3893,0.3549,-0.329
test,67,IXI022-Guys-0701,107,fusion3_eq,0.7793,0.7611,1.591
test,67,IXI022-Guys-0701,107,fusion3_val,0.8156,0.8193,2.599
test,67,IXI022-Guys-0701,107,oracle,1.0,1.0,11.464
test,68,IXI022-Guys-0701,114,fixed2,0.8486,0.8555,3.196
test,68,IXI022-Guys-0701,114,ccr_only,0.4391,0.4229,-0.264
test,68,IXI022-Guys-0701,114,fusion3_eq,0.8156,0.8009,2.131
test,68,IXI022-Guys-0701,114,fusion3_val,0.8474,0.8495,3.124
test,68,IXI022-Guys-0701,114,oracle,1.0,1.0,12.268
test,69,IXI023-Guys-0699,23,fixed2,0.8043,0.8427,1.801
test,69,IXI023-Guys-0699,23,ccr_only,0.3752,0.4479,0.049
test,69,IXI023-Guys-0699,23,fusion3_eq,0.7591,0.7899,1.353
test,69,IXI023-Guys-0699,23,fusion3_val,0.7998,0.8344,1.707
test,69,IXI023-Guys-0699,23,oracle,1.0,1.0,15.424
test,70,IXI023-Guys-0699,30,fixed2,0.8158,0.8263,1.818
test,70,IXI023-Guys-0699,30,ccr_only,0.4321,0.4515,-0.1
test,70,IXI023-Guys-0699,30,fusion3_eq,0.7704,0.762,1.014
test,70,IXI023-Guys-0699,30,fusion3_val,0.8114,0.818,1.703
test,70,IXI023-Guys-0699,30,oracle,1.0,1.0,13.726
test,71,IXI023-Guys-0699,37,fixed2,0.8543,0.905,5.807
test,71,IXI023-Guys-0699,37,ccr_only,0.4762,0.5518,0.56
test,71,IXI023-Guys-0699,37,fusion3_eq,0.8348,0.8716,3.931
test,71,IXI023-Guys-0699,37,fusion3_val,0.8539,0.9033,5.619
test,71,IXI023-Guys-0699,37,oracle,1.0,1.0,11.525
test,72,IXI023-Guys-0699,44,fixed2,0.8427,0.8842,4.115
test,72,IXI023-Guys-0699,44,ccr_only,0.455,0.548,0.839
test,72,IXI023-Guys-0699,44,fusion3_eq,0.8202,0.8458,3.071
test,72,IXI023-Guys-0699,44,fusion3_val,0.8428,0.8823,4.229
test,72,IXI023-Guys-0699,44,oracle,1.0,1.0,12.205
test,73,IXI023-Guys-0699,51,fixed2,0.8065,0.8374,2.388
test,73,IXI023-Guys-0699,51,ccr_only,0.4452,0.5228,0.248
test,73,IXI023-Guys-0699,51,fusion3_eq,0.7747,0.7911,1.59
test,73,IXI023-Guys-0699,51,fusion3_val,0.8024,0.8324,2.312
test,73,IXI023-Guys-0699,51,oracle,1.0,1.0,10.967
test,74,IXI023-Guys-0699,58,fixed2,0.7617,0.7788,2.002
test,74,IXI023-Guys-0699,58,ccr_only,0.4438,0.4927,-0.087
test,74,IXI023-Guys-0699,58,fusion3_eq,0.7307,0.7293,1.12
test,74,IXI023-Guys-0699,58,fusion3_val,0.7589,0.7754,1.943
test,74,IXI023-Guys-0699,58,oracle,1.0,1.0,10.879
test,75,IXI023-Guys-0699,65,fixed2,0.7004,0.6862,0.88
test,75,IXI023-Guys-0699,65,ccr_only,0.4799,0.5356,0.154
test,75,IXI023-Guys-0699,65,fusion3_eq,0.6962,0.6562,0.53
test,75,IXI023-Guys-0699,65,fusion3_val,0.7007,0.6814,0.852
test,75,IXI023-Guys-0699,65,oracle,1.0,1.0,7.421
test,76,IXI023-Guys-0699,72,fixed2,0.7505,0.7773,1.546
test,76,IXI023-Guys-0699,72,ccr_only,0.4781,0.5173,-0.149
test,76,IXI023-Guys-0699,72,fusion3_eq,0.7339,0.741,1.097
test,76,IXI023-Guys-0699,72,fusion3_val,0.7501,0.7755,1.49
test,76,IXI023-Guys-0699,72,oracle,1.0,1.0,10.453
test,77,IXI023-Guys-0699,79,fixed2,0.7671,0.7844,1.865
test,77,IXI023-Guys-0699,79,ccr_only,0.4854,0.5243,0.063
test,77,IXI023-Guys-0699,79,fusion3_eq,0.7451,0.7412,1.309
test,77,IXI023-Guys-0699,79,fusion3_val,0.7653,0.7815,1.82
test,77,IXI023-Guys-0699,79,oracle,1.0,1.0,10.565
test,78,IXI023-Guys-0699,86,fixed2,0.7911,0.8139,2.137
test,78,IXI023-Guys-0699,86,ccr_only,0.4765,0.5064,-0.074
test,78,IXI023-Guys-0699,86,fusion3_eq,0.7674,0.7617,1.529
test,78,IXI023-Guys-0699,86,fusion3_val,0.7907,0.8108,2.077
test,78,IXI023-Guys-0699,86,oracle,1.0,1.0,12.04
test,79,IXI023-Guys-0699,93,fixed2,0.8049,0.8214,2.775
test,79,IXI023-Guys-0699,93,ccr_only,0.4351,0.4231,-0.241
test,79,IXI023-Guys-0699,93,fusion3_eq,0.7639,0.7462,1.563
test,79,IXI023-Guys-0699,93,fusion3_val,0.8007,0.8114,2.636
test,79,IXI023-Guys-0699,93,oracle,1.0,1.0,11.945
test,80,IXI023-Guys-0699,100,fixed2,0.8092,0.8317,1.83
test,80,IXI023-Guys-0699,100,ccr_only,0.4331,0.4782,-0.377
test,80,IXI023-Guys-0699,100,fusion3_eq,0.7651,0.7739,1.046
test,80,IXI023-Guys-0699,100,fusion3_val,0.805,0.8247,1.756
test,80,IXI023-Guys-0699,100,oracle,1.0,1.0,14.096
test,81,IXI023-Guys-0699,107,fixed2,0.8237,0.8689,2.753
test,81,IXI023-Guys-0699,107,ccr_only,0.4486,0.5453,-0.213
test,81,IXI023-Guys-0699,107,fusion3_eq,0.7808,0.8273,1.774
test,81,IXI023-Guys-0699,107,fusion3_val,0.8192,0.8634,2.663
test,81,IXI023-Guys-0699,107,oracle,1.0,1.0,16.217
test,82,IXI024-Guys-0705,31,fixed2,0.8511,0.8836,3.614
test,82,IXI024-Guys-0705,31,ccr_only,0.5225,0.6205,0.406
test,82,IXI024-Guys-0705,31,fusion3_eq,0.8408,0.8569,2.694
test,82,IXI024-Guys-0705,31,fusion3_val,0.855,0.8814,3.542
test,82,IXI024-Guys-0705,31,oracle,1.0,1.0,14.301
test,83,IXI024-Guys-0705,38,fixed2,0.86,0.8605,3.107
test,83,IXI024-Guys-0705,38,ccr_only,0.5501,0.6126,0.229
test,83,IXI024-Guys-0705,38,fusion3_eq,0.8447,0.8296,2.282
test,83,IXI024-Guys-0705,38,fusion3_val,0.862,0.8577,2.971
test,83,IXI024-Guys-0705,38,oracle,1.0,1.0,12.504
test,84,IXI024-Guys-0705,45,fixed2,0.8517,0.8756,3.564
test,84,IXI024-Guys-0705,45,ccr_only,0.5461,0.5799,0.358
test,84,IXI024-Guys-0705,45,fusion3_eq,0.8327,0.8337,2.746
test,84,IXI024-Guys-0705,45,fusion3_val,0.8526,0.8729,3.376
test,84,IXI024-Guys-0705,45,oracle,1.0,1.0,11.265
test,85,IXI024-Guys-0705,52,fixed2,0.8517,0.8769,4.424
test,85,IXI024-Guys-0705,52,ccr_only,0.5086,0.5658,0.333
test,85,IXI024-Guys-0705,52,fusion3_eq,0.8285,0.8396,3.586
test,85,IXI024-Guys-0705,52,fusion3_val,0.8538,0.8766,4.469
test,85,IXI024-Guys-0705,52,oracle,1.0,1.0,11.407
test,86,IXI024-Guys-0705,59,fixed2,0.8544,0.8831,4.181
test,86,IXI024-Guys-0705,59,ccr_only,0.482,0.5427,0.367
test,86,IXI024-Guys-0705,59,fusion3_eq,0.8269,0.8409,3.082
test,86,IXI024-Guys-0705,59,fusion3_val,0.8565,0.882,4.157
test,86,IXI024-Guys-0705,59,oracle,1.0,1.0,11.405
test,87,IXI024-Guys-0705,66,fixed2,0.8225,0.859,3.187
test,87,IXI024-Guys-0705,66,ccr_only,0.4585,0.5401,0.291
test,87,IXI024-Guys-0705,66,fusion3_eq,0.792,0.8159,2.321
test,87,IXI024-Guys-0705,66,fusion3_val,0.8251,0.8587,3.165
test,87,IXI024-Guys-0705,66,oracle,1.0,1.0,9.765
test,88,IXI024-Guys-0705,73,fixed2,0.808,0.8252,2.894
test,88,IXI024-Guys-0705,73,ccr_only,0.4717,0.5484,0.211
test,88,IXI024-Guys-0705,73,fusion3_eq,0.7873,0.7911,2.332
test,88,IXI024-Guys-0705,73,fusion3_val,0.8091,0.8239,2.883
test,88,IXI024-Guys-0705,73,oracle,1.0,1.0,8.883
test,89,IXI024-Guys-0705,80,fixed2,0.8121,0.8542,3.41
test,89,IXI024-Guys-0705,80,ccr_only,0.4318,0.5127,0.125
test,89,IXI024-Guys-0705,80,fusion3_eq,0.7753,0.8049,2.547
test,89,IXI024-Guys-0705,80,fusion3_val,0.8128,0.8545,3.44
test,89,IXI024-Guys-0705,80,oracle,1.0,1.0,9.006
test,90,IXI024-Guys-0705,87,fixed2,0.8186,0.8554,3.646
test,90,IXI024-Guys-0705,87,ccr_only,0.4615,0.5275,0.078
test,90,IXI024-Guys-0705,87,fusion3_eq,0.7971,0.8182,2.453
test,90,IXI024-Guys-0705,87,fusion3_val,0.8226,0.8567,3.566
test,90,IXI024-Guys-0705,87,oracle,1.0,1.0,10.27
test,91,IXI024-Guys-0705,94,fixed2,0.8536,0.8878,4.337
test,91,IXI024-Guys-0705,94,ccr_only,0.4902,0.558,0.416
test,91,IXI024-Guys-0705,94,fusion3_eq,0.8239,0.844,3.405
test,91,IXI024-Guys-0705,94,fusion3_val,0.8566,0.8891,4.322
test,91,IXI024-Guys-0705,94,oracle,1.0,1.0,11.661
test,92,IXI024-Guys-0705,101,fixed2,0.8614,0.8951,4.901
test,92,IXI024-Guys-0705,101,ccr_only,0.5237,0.5929,0.458
test,92,IXI024-Guys-0705,101,fusion3_eq,0.8389,0.8603,3.894
test,92,IXI024-Guys-0705,101,fusion3_val,0.8649,0.8969,4.891
test,92,IXI024-Guys-0705,101,oracle,1.0,1.0,12.123
test,93,IXI024-Guys-0705,108,fixed2,0.869,0.8967,4.537
test,93,IXI024-Guys-0705,108,ccr_only,0.5088,0.546,0.155
test,93,IXI024-Guys-0705,108,fusion3_eq,0.8387,0.8336,2.555
test,93,IXI024-Guys-0705,108,fusion3_val,0.8701,0.8932,4.207
test,93,IXI024-Guys-0705,108,oracle,1.0,1.0,11.821
test,94,IXI024-Guys-0705,115,fixed2,0.8756,0.9199,6.651
test,94,IXI024-Guys-0705,115,ccr_only,0.5291,0.6099,0.401
test,94,IXI024-Guys-0705,115,fusion3_eq,0.8532,0.8888,4.898
test,94,IXI024-Guys-0705,115,fusion3_val,0.8778,0.9209,6.44
test,94,IXI024-Guys-0705,115,oracle,1.0,1.0,13.81
test,95,IXI025-Guys-0852,29,fixed2,0.8334,0.9057,5.458
test,95,IXI025-Guys-0852,29,ccr_only,0.4594,0.5418,0.654
test,95,IXI025-Guys-0852,29,fusion3_eq,0.7884,0.8656,3.541
test,95,IXI025-Guys-0852,29,fusion3_val,0.8281,0.9019,5.17
test,95,IXI025-Guys-0852,29,oracle,1.0,1.0,13.764
test,96,IXI025-Guys-0852,36,fixed2,0.8537,0.8662,2.953
test,96,IXI025-Guys-0852,36,ccr_only,0.4944,0.5781,0.567
test,96,IXI025-Guys-0852,36,fusion3_eq,0.8257,0.8211,2.349
test,96,IXI025-Guys-0852,36,fusion3_val,0.8549,0.8612,2.891
test,96,IXI025-Guys-0852,36,oracle,1.0,1.0,12.832
test,97,IXI025-Guys-0852,43,fixed2,0.8547,0.8805,4.272
test,97,IXI025-Guys-0852,43,ccr_only,0.4481,0.497,0.306
test,97,IXI025-Guys-0852,43,fusion3_eq,0.8175,0.8135,3.176
test,97,IXI025-Guys-0852,43,fusion3_val,0.8523,0.8726,4.168
test,97,IXI025-Guys-0852,43,oracle,1.0,1.0,11.075
test,98,IXI025-Guys-0852,50,fixed2,0.8324,0.8887,4.56
test,98,IXI025-Guys-0852,50,ccr_only,0.4683,0.5312,0.294
test,98,IXI025-Guys-0852,50,fusion3_eq,0.814,0.838,3.001
test,98,IXI025-Guys-0852,50,fusion3_val,0.8345,0.8859,4.243
test,98,IXI025-Guys-0852,50,oracle,1.0,1.0,11.331
test,99,IXI025-Guys-0852,57,fixed2,0.8143,0.8764,4.074
test,99,IXI025-Guys-0852,57,ccr_only,0.4341,0.5308,0.394
test,99,IXI025-Guys-0852,57,fusion3_eq,0.7929,0.8277,2.819
test,99,IXI025-Guys-0852,57,fusion3_val,0.8149,0.8731,3.912
test,99,IXI025-Guys-0852,57,oracle,1.0,1.0,10.274
