subject,z,t_in,t_out,e_in,e_out,auroc_tumor,auroc_err_tumor,tumor_frac
Brats18_2013_10_1,32,0.8698,0.6741,0.10788,0.13413,0.9057,0.9432,0.0025
Brats18_2013_10_1,33,0.8401,0.6824,0.12859,0.12588,0.9122,0.9575,0.0042
Brats18_2013_10_1,34,0.8413,0.6897,0.16331,0.11544,0.9137,0.9645,0.0052
Brats18_2013_10_1,35,0.8368,0.6938,0.18956,0.10906,0.9153,0.9723,0.0072
Brats18_2013_10_1,36,0.8273,0.6912,0.20143,0.10884,0.9173,0.9735,0.0092
Brats18_2013_10_1,37,0.838,0.7052,0.22332,0.10986,0.914,0.9753,0.0101
Brats18_2013_10_1,38,0.8545,0.7041,0.21712,0.10434,0.9012,0.9731,0.0121
Brats18_2013_10_1,39,0.8468,0.7067,0.21295,0.106,0.9022,0.9679,0.0129
Brats18_2013_10_1,40,0.8506,0.7049,0.19833,0.10365,0.8964,0.9641,0.0141
Brats18_2013_10_1,41,0.8533,0.7135,0.19025,0.10146,0.8938,0.9609,0.0156
Brats18_2013_10_1,42,0.8516,0.7178,0.19413,0.10141,0.8889,0.9596,0.0165
Brats18_2013_10_1,43,0.8623,0.719,0.18762,0.11129,0.88,0.9478,0.0178
Brats18_2013_10_1,44,0.8536,0.7297,0.1778,0.10617,0.8835,0.9453,0.0189
Brats18_2013_10_1,45,0.8575,0.7208,0.17313,0.10746,0.8812,0.9423,0.02
Brats18_2013_10_1,46,0.8607,0.7207,0.14788,0.10342,0.8762,0.9315,0.0253
Brats18_2013_10_1,47,0.8529,0.7238,0.14349,0.09625,0.8801,0.9271,0.0271
Brats18_2013_10_1,48,0.8389,0.7163,0.14712,0.09309,0.8803,0.9254,0.0285
Brats18_2013_10_1,49,0.8271,0.7076,0.14987,0.08354,0.8815,0.9277,0.031
Brats18_2013_10_1,50,0.8193,0.7097,0.14291,0.08122,0.8843,0.9284,0.0319
Brats18_2013_10_1,51,0.805,0.7101,0.13443,0.08393,0.8879,0.9278,0.0334
Brats18_2013_10_1,52,0.8012,0.7078,0.1257,0.08944,0.8865,0.9201,0.0341
Brats18_2013_10_1,53,0.797,0.7095,0.12002,0.09063,0.8831,0.9098,0.034
Brats18_2013_10_1,54,0.8025,0.7167,0.12763,0.0821,0.8784,0.9135,0.0345
Brats18_2013_10_1,55,0.8085,0.7381,0.13234,0.07639,0.8786,0.917,0.0353
Brats18_2013_10_1,56,0.8218,0.753,0.13439,0.07573,0.8778,0.918,0.0368
Brats18_2013_10_1,57,0.8367,0.7508,0.1331,0.07408,0.8717,0.9167,0.0379
Brats18_2013_10_1,58,0.8434,0.7602,0.13727,0.07179,0.8699,0.9189,0.039
Brats18_2013_10_1,59,0.8383,0.7628,0.13079,0.06574,0.8721,0.914,0.0397
Brats18_2013_10_1,60,0.8293,0.7658,0.13198,0.06895,0.8809,0.9189,0.0404
Brats18_2013_10_1,61,0.8301,0.766,0.14114,0.07059,0.8787,0.9224,0.041
Brats18_2013_10_1,62,0.8373,0.7613,0.14757,0.06857,0.8699,0.9184,0.0417
Brats18_2013_10_1,63,0.8428,0.7609,0.15542,0.06513,0.8661,0.9186,0.0427
Brats18_2013_10_1,64,0.8346,0.7721,0.15912,0.06122,0.8764,0.9248,0.0424
Brats18_2013_10_1,65,0.8315,0.7676,0.1591,0.06277,0.8736,0.92,0.0423
Brats18_2013_10_1,66,0.8336,0.768,0.15479,0.06558,0.8747,0.9167,0.0423
Brats18_2013_10_1,67,0.8283,0.7638,0.15241,0.0696,0.8733,0.9129,0.042
Brats18_2013_10_1,68,0.8334,0.7645,0.15232,0.06673,0.8739,0.917,0.0412
Brats18_2013_10_1,69,0.8192,0.7577,0.14262,0.06579,0.8773,0.9185,0.0407
Brats18_2013_10_1,70,0.8171,0.7655,0.13252,0.05932,0.8809,0.9154,0.0407
Brats18_2013_10_1,71,0.8121,0.7656,0.12797,0.06062,0.8819,0.9117,0.0406
Brats18_2013_10_1,72,0.8109,0.7662,0.1214,0.0656,0.885,0.9004,0.0407
Brats18_2013_10_1,73,0.8054,0.7713,0.11923,0.06416,0.8924,0.897,0.0411
Brats18_2013_10_1,74,0.7993,0.7711,0.1359,0.06049,0.897,0.9112,0.04
Brats18_2013_10_1,75,0.7898,0.7711,0.13971,0.05697,0.8989,0.9252,0.0402
Brats18_2013_10_1,76,0.7851,0.7734,0.13845,0.05605,0.9012,0.9275,0.0398
Brats18_2013_10_1,77,0.7663,0.7761,0.12913,0.05586,0.9073,0.9196,0.0384
Brats18_2013_10_1,78,0.7598,0.7733,0.11118,0.06133,0.9092,0.9013,0.0375
Brats18_2013_10_1,79,0.759,0.7716,0.10669,0.06271,0.9083,0.9,0.0359
Brats18_2013_10_1,80,0.7503,0.7704,0.10761,0.06208,0.9079,0.9033,0.0343
Brats18_2013_10_1,81,0.7584,0.7673,0.11393,0.06187,0.9021,0.9154,0.0333
Brats18_2013_10_1,82,0.7558,0.7587,0.13016,0.06737,0.8979,0.9268,0.0337
Brats18_2013_10_1,83,0.7511,0.7629,0.15747,0.07966,0.8992,0.9335,0.0333
Brats18_2013_10_1,84,0.7439,0.7596,0.1491,0.08994,0.9027,0.922,0.033
Brats18_2013_10_1,85,0.7502,0.7568,0.08535,0.07705,0.9043,0.8835,0.0339
Brats18_2013_10_1,86,0.7522,0.7563,0.07047,0.078,0.9072,0.8616,0.0337
Brats18_2013_10_1,87,0.7493,0.7561,0.07348,0.08223,0.9116,0.86,0.0331
Brats18_2013_10_1,88,0.7472,0.7519,0.07694,0.08073,0.9118,0.8669,0.032
Brats18_2013_10_1,89,0.7505,0.7535,0.09794,0.09608,0.9142,0.8723,0.0291
Brats18_2013_10_1,90,0.7602,0.7527,0.08171,0.09095,0.9138,0.8592,0.0288
Brats18_2013_10_1,91,0.7635,0.7507,0.07618,0.09169,0.9085,0.8531,0.0282
Brats18_2013_10_1,92,0.7789,0.7498,0.08331,0.0917,0.9004,0.8609,0.0261
Brats18_2013_10_1,93,0.7799,0.7523,0.08445,0.09476,0.8979,0.8556,0.0213
Brats18_2013_10_1,94,0.7971,0.7563,0.07529,0.09825,0.8912,0.8377,0.0144
Brats18_2013_10_1,95,0.812,0.757,0.07647,0.09856,0.884,0.8434,0.0112
Brats18_2013_10_1,96,0.8047,0.7498,0.08457,0.10547,0.8809,0.8488,0.0092
Brats18_2013_10_1,97,0.7914,0.7551,0.08899,0.11463,0.8918,0.8473,0.0079
Brats18_2013_10_1,98,0.8075,0.7574,0.09561,0.11649,0.8813,0.8585,0.0068
Brats18_2013_10_1,99,0.7905,0.7517,0.07943,0.10652,0.8822,0.8518,0.0052
Brats18_2013_10_1,100,0.7827,0.7436,0.07003,0.0961,0.8723,0.852,0.0028
Brats18_2013_10_1,101,0.7776,0.7367,0.05347,0.08855,0.8815,0.8303,0.0014
Brats18_2013_11_1,44,0.7533,0.6832,0.18611,0.1308,0.891,0.952,0.0038
Brats18_2013_11_1,45,0.7967,0.6919,0.1974,0.13868,0.8765,0.9506,0.0074
Brats18_2013_11_1,46,0.8159,0.6997,0.19463,0.1376,0.8642,0.9444,0.0101
Brats18_2013_11_1,47,0.8192,0.7129,0.21876,0.13716,0.8697,0.9545,0.0114
Brats18_2013_11_1,48,0.8166,0.7139,0.20033,0.1231,0.8681,0.9478,0.0137
Brats18_2013_11_1,49,0.8291,0.7195,0.218,0.1269,0.8619,0.951,0.0152
Brats18_2013_11_1,50,0.8176,0.7077,0.22966,0.12814,0.8594,0.9499,0.017
Brats18_2013_11_1,51,0.8469,0.7143,0.22247,0.12317,0.8419,0.9501,0.018
Brats18_2013_11_1,52,0.8722,0.7255,0.27132,0.14174,0.8335,0.9638,0.0197
Brats18_2013_11_1,53,0.8379,0.7293,0.25313,0.13349,0.8527,0.9554,0.0213
Brats18_2013_11_1,54,0.8372,0.7276,0.26058,0.13039,0.8413,0.9596,0.0224
Brats18_2013_11_1,55,0.8107,0.7205,0.25749,0.12891,0.8454,0.9602,0.0224
Brats18_2013_11_1,56,0.8344,0.7309,0.26325,0.12591,0.8415,0.9699,0.0231
Brats18_2013_11_1,57,0.8306,0.7399,0.27401,0.13553,0.8435,0.9687,0.0242
Brats18_2013_11_1,58,0.8467,0.7423,0.27081,0.13438,0.8391,0.9703,0.0249
Brats18_2013_11_1,59,0.8523,0.7431,0.26875,0.13897,0.8322,0.9673,0.0267
Brats18_2013_11_1,60,0.8321,0.7534,0.24438,0.12518,0.8463,0.9615,0.0287
Brats18_2013_11_1,61,0.8585,0.7541,0.28659,0.14101,0.8352,0.9768,0.0312
Brats18_2013_11_1,62,0.8509,0.7506,0.28149,0.13679,0.8382,0.976,0.034
Brats18_2013_11_1,63,0.8146,0.7336,0.23089,0.10695,0.846,0.9714,0.0366
Brats18_2013_11_1,64,0.7945,0.7235,0.21441,0.09845,0.8502,0.9663,0.0394
Brats18_2013_11_1,65,0.7955,0.7275,0.20538,0.09601,0.8502,0.9625,0.0415
Brats18_2013_11_1,66,0.7977,0.7293,0.21345,0.10309,0.8475,0.9612,0.0438
Brats18_2013_11_1,67,0.7947,0.732,0.21872,0.10881,0.8487,0.9585,0.0455
Brats18_2013_11_1,68,0.7851,0.7343,0.21577,0.1075,0.8519,0.9578,0.0469
Brats18_2013_11_1,69,0.8057,0.7382,0.21798,0.10719,0.8486,0.9615,0.0481
Brats18_2013_11_1,70,0.802,0.7383,0.21748,0.10623,0.8479,0.9601,0.0489
Brats18_2013_11_1,71,0.8157,0.7422,0.20931,0.10285,0.84,0.9609,0.0501
Brats18_2013_11_1,72,0.8118,0.7416,0.19297,0.09929,0.8411,0.9515,0.0516
Brats18_2013_11_1,73,0.8169,0.7412,0.18887,0.10044,0.8373,0.9487,0.0531
Brats18_2013_11_1,74,0.8074,0.7457,0.1822,0.10016,0.8414,0.9444,0.0541
Brats18_2013_11_1,75,0.8032,0.7506,0.19799,0.11069,0.8438,0.9455,0.0539
Brats18_2013_11_1,76,0.8069,0.7489,0.19242,0.10713,0.8404,0.9443,0.0531
Brats18_2013_11_1,77,0.8046,0.743,0.19653,0.10993,0.8421,0.9452,0.0524
Brats18_2013_11_1,78,0.8047,0.7396,0.19355,0.10626,0.8418,0.9483,0.0516
Brats18_2013_11_1,79,0.8149,0.7344,0.19403,0.10294,0.8341,0.9491,0.0517
Brats18_2013_11_1,80,0.8246,0.7373,0.19944,0.10641,0.826,0.9458,0.0517
Brats18_2013_11_1,81,0.8257,0.742,0.2168,0.11898,0.8268,0.9464,0.0514
Brats18_2013_11_1,82,0.8226,0.7404,0.22096,0.12011,0.8257,0.9482,0.0513
Brats18_2013_11_1,83,0.8306,0.7415,0.22003,0.12458,0.8249,0.9431,0.051
Brats18_2013_11_1,84,0.8366,0.7432,0.22849,0.13139,0.8235,0.943,0.0498
Brats18_2013_11_1,85,0.842,0.74,0.24594,0.13969,0.8192,0.9458,0.0486
Brats18_2013_11_1,86,0.8412,0.739,0.26507,0.14636,0.8165,0.949,0.0475
Brats18_2013_11_1,87,0.8369,0.7434,0.28178,0.15488,0.8209,0.9474,0.0469
Brats18_2013_11_1,88,0.8338,0.7422,0.27191,0.14829,0.8278,0.9483,0.0462
Brats18_2013_11_1,89,0.8355,0.7448,0.26918,0.14549,0.8326,0.9501,0.0448
Brats18_2013_11_1,90,0.8358,0.7436,0.23052,0.1258,0.832,0.9456,0.0438
Brats18_2013_11_1,91,0.833,0.7435,0.244,0.13231,0.832,0.9494,0.0422
Brats18_2013_11_1,92,0.8256,0.7408,0.27992,0.15332,0.8383,0.9523,0.0407
Brats18_2013_11_1,93,0.8216,0.7415,0.28271,0.15776,0.8463,0.951,0.0398
Brats18_2013_11_1,94,0.826,0.7458,0.23918,0.13554,0.8462,0.9458,0.039
Brats18_2013_11_1,95,0.8211,0.7442,0.2593,0.15427,0.848,0.9459,0.0383
Brats18_2013_11_1,96,0.8151,0.7356,0.25889,0.16144,0.8461,0.9456,0.0369
Brats18_2013_11_1,97,0.8143,0.7299,0.23233,0.15009,0.8433,0.9403,0.0363
Brats18_2013_11_1,98,0.8001,0.7131,0.21101,0.14021,0.838,0.9387,0.0353
Brats18_2013_11_1,99,0.7726,0.684,0.20254,0.14253,0.8375,0.9387,0.035
Brats18_2013_11_1,100,0.7639,0.6612,0.14219,0.11393,0.8294,0.9193,0.0343
Brats18_2013_11_1,101,0.7607,0.6415,0.15805,0.13584,0.8239,0.9135,0.0333
Brats18_2013_11_1,102,0.7653,0.6263,0.12146,0.11986,0.8176,0.8971,0.032
Brats18_2013_11_1,103,0.7575,0.605,0.10982,0.1197,0.8158,0.8863,0.0307
Brats18_2013_11_1,104,0.7685,0.6158,0.13763,0.14206,0.819,0.894,0.0294
Brats18_2013_11_1,105,0.7756,0.6365,0.13926,0.14607,0.8232,0.8922,0.0274
Brats18_2013_11_1,106,0.7627,0.6176,0.11238,0.12751,0.8266,0.8825,0.0253
Brats18_2013_11_1,107,0.7754,0.6297,0.13797,0.14392,0.8268,0.8907,0.0226
Brats18_2013_11_1,108,0.7897,0.6447,0.12817,0.14033,0.8272,0.8871,0.0205
Brats18_2013_11_1,109,0.753,0.6029,0.1391,0.14406,0.8318,0.8945,0.0175
Brats18_2013_11_1,110,0.7415,0.5966,0.09649,0.11377,0.836,0.8824,0.0146
Brats18_2013_11_1,111,0.7676,0.6458,0.08839,0.11236,0.8457,0.8762,0.0127
Brats18_2013_11_1,112,0.772,0.6519,0.14756,0.15573,0.8495,0.8905,0.0113
Brats18_2013_11_1,113,0.7656,0.6554,0.11899,0.1464,0.858,0.8742,0.0097
Brats18_2013_11_1,114,0.7606,0.633,0.1048,0.15252,0.8546,0.8654,0.0079
Brats18_2013_11_1,115,0.7938,0.627,0.10325,0.15567,0.842,0.8646,0.0064
Brats18_2013_11_1,116,0.7776,0.5874,0.10061,0.16309,0.8425,0.8584,0.004
Brats18_2013_11_1,117,0.7115,0.5595,0.08229,0.1372,0.8667,0.8669,0.0026
Brats18_2013_12_1,52,0.5815,0.7053,0.0614,0.12212,0.9371,0.8377,0.0026
Brats18_2013_12_1,53,0.7215,0.7199,0.04588,0.11205,0.9159,0.8259,0.0046
Brats18_2013_12_1,54,0.8064,0.7226,0.05242,0.10453,0.8695,0.8308,0.0064
Brats18_2013_12_1,55,0.8048,0.7266,0.09392,0.12585,0.8709,0.8497,0.0081
Brats18_2013_12_1,56,0.7959,0.7164,0.1102,0.1263,0.8727,0.8625,0.0099
Brats18_2013_12_1,57,0.7881,0.7171,0.1341,0.12275,0.8721,0.8844,0.0138
Brats18_2013_12_1,58,0.7913,0.7161,0.14807,0.12072,0.8705,0.9028,0.0213
Brats18_2013_12_1,59,0.7704,0.7148,0.13096,0.11619,0.8742,0.8919,0.0278
Brats18_2013_12_1,60,0.7596,0.7183,0.12083,0.11593,0.8878,0.8874,0.0331
Brats18_2013_12_1,61,0.7626,0.7382,0.11715,0.123,0.9033,0.8786,0.0391
Brats18_2013_12_1,62,0.7797,0.7418,0.09309,0.11033,0.9046,0.8647,0.0452
Brats18_2013_12_1,63,0.7689,0.7388,0.08178,0.10278,0.904,0.8613,0.0495
Brats18_2013_12_1,64,0.7676,0.7448,0.08492,0.10292,0.9019,0.8649,0.052
Brats18_2013_12_1,65,0.7735,0.7402,0.08977,0.09592,0.9001,0.8794,0.0549
Brats18_2013_12_1,66,0.7751,0.7418,0.08576,0.08849,0.9013,0.8823,0.0579
Brats18_2013_12_1,67,0.7931,0.74,0.10345,0.09008,0.8941,0.8973,0.0599
Brats18_2013_12_1,68,0.8102,0.7385,0.11548,0.09274,0.8889,0.9034,0.0606
Brats18_2013_12_1,69,0.8115,0.742,0.12694,0.09515,0.8869,0.9108,0.0621
Brats18_2013_12_1,70,0.8075,0.7431,0.12472,0.09354,0.8873,0.9095,0.0634
Brats18_2013_12_1,71,0.8024,0.7403,0.12496,0.09199,0.8899,0.9121,0.0646
Brats18_2013_12_1,72,0.8062,0.7427,0.13088,0.08998,0.8892,0.9174,0.0644
Brats18_2013_12_1,73,0.8087,0.7466,0.14065,0.09183,0.8909,0.9233,0.065
Brats18_2013_12_1,74,0.8046,0.7475,0.14059,0.09393,0.8934,0.921,0.0661
Brats18_2013_12_1,75,0.7982,0.7453,0.13985,0.09449,0.8955,0.9197,0.0667
Brats18_2013_12_1,76,0.7914,0.7462,0.13373,0.09166,0.8987,0.9163,0.0685
Brats18_2013_12_1,77,0.7952,0.749,0.1307,0.08898,0.9011,0.9154,0.0701
Brats18_2013_12_1,78,0.7983,0.7492,0.13178,0.08994,0.9003,0.9159,0.0724
Brats18_2013_12_1,79,0.7955,0.7482,0.13636,0.09195,0.9031,0.9148,0.0735
Brats18_2013_12_1,80,0.7989,0.746,0.14495,0.09772,0.8997,0.9159,0.0757
Brats18_2013_12_1,81,0.8026,0.7409,0.15648,0.10084,0.8992,0.9213,0.0784
Brats18_2013_12_1,82,0.8028,0.7427,0.16881,0.10216,0.9013,0.9299,0.0805
Brats18_2013_12_1,83,0.8002,0.7394,0.17126,0.09948,0.9026,0.934,0.082
Brats18_2013_12_1,84,0.7994,0.7362,0.16842,0.09692,0.9021,0.9337,0.082
Brats18_2013_12_1,85,0.7836,0.7328,0.17339,0.09796,0.9078,0.9354,0.0824
Brats18_2013_12_1,86,0.7665,0.7352,0.1643,0.09702,0.9144,0.9303,0.0831
Brats18_2013_12_1,87,0.764,0.7329,0.15501,0.09306,0.9141,0.9287,0.083
Brats18_2013_12_1,88,0.7599,0.7369,0.14521,0.08996,0.9188,0.9277,0.0828
Brats18_2013_12_1,89,0.7544,0.7396,0.14035,0.08492,0.923,0.9301,0.083
Brats18_2013_12_1,90,0.7539,0.7388,0.14668,0.08495,0.9238,0.9359,0.0831
Brats18_2013_12_1,91,0.7469,0.7341,0.14823,0.08695,0.9262,0.9399,0.0823
Brats18_2013_12_1,92,0.7363,0.7296,0.14064,0.08958,0.928,0.9358,0.0814
Brats18_2013_12_1,93,0.7182,0.7253,0.12599,0.09128,0.9303,0.9258,0.0814
Brats18_2013_12_1,94,0.7058,0.729,0.11975,0.08891,0.9354,0.9241,0.0799
Brats18_2013_12_1,95,0.6929,0.7238,0.12016,0.08661,0.9347,0.9272,0.0788
Brats18_2013_12_1,96,0.6844,0.7176,0.12608,0.08828,0.9348,0.9324,0.077
Brats18_2013_12_1,97,0.6665,0.7042,0.17031,0.11367,0.9334,0.9466,0.074
Brats18_2013_12_1,98,0.6244,0.6932,0.17313,0.12678,0.9416,0.9417,0.0703
Brats18_2013_12_1,99,0.6079,0.6861,0.16763,0.13268,0.9431,0.9335,0.0676
Brats18_2013_12_1,100,0.611,0.6706,0.16507,0.13681,0.9369,0.9293,0.0647
Brats18_2013_12_1,101,0.6187,0.6674,0.16797,0.14126,0.9337,0.9287,0.0616
Brats18_2013_12_1,102,0.599,0.6534,0.18936,0.15451,0.9351,0.9344,0.0585
Brats18_2013_12_1,103,0.6202,0.6592,0.19612,0.15819,0.9336,0.9374,0.0558
Brats18_2013_12_1,104,0.6158,0.6439,0.19533,0.16041,0.9293,0.9356,0.051
Brats18_2013_12_1,105,0.6358,0.6416,0.1992,0.16123,0.9265,0.9372,0.0493
Brats18_2013_12_1,106,0.6631,0.6382,0.21473,0.16122,0.9189,0.9478,0.0462
Brats18_2013_12_1,107,0.6585,0.6339,0.21505,0.15798,0.9193,0.9512,0.0419
Brats18_2013_12_1,108,0.6778,0.6435,0.21708,0.15116,0.9193,0.9582,0.0385
Brats18_2013_12_1,109,0.6815,0.6421,0.21414,0.14997,0.9195,0.96,0.0356
Brats18_2013_12_1,110,0.6748,0.6363,0.21284,0.1558,0.92,0.9582,0.0321
Brats18_2013_12_1,111,0.646,0.6237,0.22417,0.16592,0.9232,0.9603,0.0288
Brats18_2013_12_1,112,0.6081,0.6083,0.21735,0.16842,0.9305,0.9551,0.0265
Brats18_2013_12_1,113,0.6059,0.6105,0.22098,0.16524,0.9354,0.9605,0.0247
Brats18_2013_12_1,114,0.5846,0.6035,0.21431,0.16347,0.9404,0.957,0.0239
Brats18_2013_12_1,115,0.5806,0.6039,0.23363,0.18184,0.9431,0.9574,0.0235
Brats18_2013_12_1,116,0.5317,0.5923,0.26366,0.21276,0.9493,0.9568,0.0226
Brats18_2013_12_1,117,0.5226,0.5898,0.27486,0.22723,0.9513,0.9547,0.022
Brats18_2013_12_1,118,0.5373,0.5748,0.27732,0.239,0.9448,0.9513,0.0189
Brats18_2013_12_1,119,0.573,0.5658,0.28891,0.2505,0.9375,0.9523,0.0148
Brats18_2013_12_1,120,0.5722,0.5561,0.30628,0.26093,0.9371,0.9572,0.0124
Brats18_2013_12_1,121,0.5742,0.5341,0.33571,0.27138,0.9336,0.9686,0.0098
Brats18_2013_12_1,122,0.5817,0.5255,0.36447,0.28301,0.9323,0.9738,0.0073
Brats18_2013_12_1,123,0.5818,0.5142,0.3027,0.24469,0.9326,0.9677,0.0058
Brats18_2013_12_1,124,0.6101,0.4865,0.24157,0.20288,0.923,0.9656,0.0026
Brats18_2013_13_1,72,0.8573,0.7615,0.10003,0.08093,0.8323,0.9083,0.0009
Brats18_2013_13_1,73,0.853,0.7542,0.08304,0.07934,0.8308,0.8933,0.0022
Brats18_2013_13_1,74,0.8522,0.7457,0.08453,0.07906,0.8293,0.8988,0.0032
Brats18_2013_13_1,75,0.8616,0.7458,0.08542,0.0809,0.8202,0.8952,0.0041
Brats18_2013_13_1,76,0.8661,0.7399,0.09962,0.09529,0.8064,0.8889,0.0056
Brats18_2013_13_1,77,0.8644,0.741,0.10198,0.0992,0.8108,0.8862,0.0066
Brats18_2013_13_1,78,0.8632,0.7406,0.10206,0.09854,0.8115,0.8879,0.0077
Brats18_2013_13_1,79,0.8683,0.742,0.10181,0.09716,0.8113,0.8923,0.0089
Brats18_2013_13_1,80,0.8846,0.7366,0.12327,0.10461,0.8012,0.9098,0.0093
Brats18_2013_13_1,81,0.8845,0.7282,0.09873,0.09553,0.789,0.8858,0.01
Brats18_2013_13_1,82,0.8857,0.7277,0.08089,0.09509,0.778,0.8526,0.0111
Brats18_2013_13_1,83,0.8824,0.7267,0.07641,0.0954,0.7762,0.8429,0.0119
Brats18_2013_13_1,84,0.8714,0.7283,0.0858,0.09853,0.7903,0.8552,0.0133
Brats18_2013_13_1,85,0.8622,0.7252,0.09409,0.09251,0.8079,0.8848,0.0153
Brats18_2013_13_1,86,0.8578,0.7229,0.0913,0.08197,0.8109,0.9047,0.0164
Brats18_2013_13_1,87,0.8628,0.7199,0.09671,0.08288,0.8056,0.9052,0.0174
Brats18_2013_13_1,88,0.8584,0.7164,0.11274,0.09328,0.8088,0.9055,0.0184
Brats18_2013_13_1,89,0.8585,0.7127,0.12407,0.1032,0.8042,0.9023,0.0191
Brats18_2013_13_1,90,0.86,0.7135,0.11058,0.09875,0.8023,0.8887,0.0191
Brats18_2013_13_1,91,0.8617,0.716,0.11598,0.10115,0.8053,0.8956,0.0184
Brats18_2013_13_1,92,0.8635,0.7216,0.09841,0.08693,0.802,0.8964,0.017
Brats18_2013_13_1,93,0.8597,0.7252,0.08444,0.08138,0.8036,0.8869,0.0155
Brats18_2013_13_1,94,0.8586,0.7294,0.08743,0.08919,0.8059,0.8761,0.014
Brats18_2013_13_1,95,0.8543,0.7299,0.09676,0.0965,0.8149,0.8783,0.0126
Brats18_2013_13_1,96,0.8477,0.7312,0.09101,0.09492,0.8185,0.8735,0.0115
Brats18_2013_13_1,97,0.8315,0.7357,0.09536,0.09533,0.8252,0.8763,0.0108
Brats18_2013_13_1,98,0.8397,0.7337,0.10024,0.09244,0.8227,0.8924,0.0094
Brats18_2013_13_1,99,0.8531,0.7282,0.09216,0.08291,0.8147,0.8921,0.0076
Brats18_2013_13_1,100,0.8579,0.7261,0.11556,0.09736,0.8118,0.8972,0.0061
Brats18_2013_13_1,101,0.8472,0.7203,0.13336,0.11353,0.812,0.8984,0.0052
Brats18_2013_13_1,102,0.8333,0.7231,0.10451,0.10143,0.8174,0.8846,0.0047
Brats18_2013_13_1,103,0.8247,0.7233,0.10737,0.09647,0.8244,0.902,0.0043
Brats18_2013_13_1,104,0.8206,0.7279,0.13431,0.10193,0.8365,0.9315,0.0037
Brats18_2013_13_1,105,0.8383,0.7265,0.1219,0.08557,0.8315,0.9334,0.0034
Brats18_2013_13_1,106,0.8445,0.7229,0.14369,0.09686,0.8372,0.9356,0.0032
Brats18_2013_13_1,107,0.8448,0.7138,0.14081,0.10217,0.8317,0.9225,0.0027
Brats18_2013_13_1,108,0.8684,0.7111,0.16529,0.10929,0.8408,0.9315,0.0022
Brats18_2013_13_1,109,0.8706,0.7036,0.16094,0.10089,0.8368,0.9443,0.0015
Brats18_2013_14_1,38,0.865,0.7338,0.06643,0.07464,0.846,0.9128,0.0011
Brats18_2013_14_1,39,0.8492,0.7352,0.09634,0.07539,0.8564,0.9384,0.0015
Brats18_2013_14_1,40,0.8322,0.742,0.11022,0.07742,0.8737,0.9418,0.0019
Brats18_2013_14_1,41,0.8245,0.7365,0.0974,0.07722,0.8748,0.93,0.0031
Brats18_2013_14_1,42,0.803,0.7407,0.10938,0.07476,0.8757,0.9376,0.006
Brats18_2013_14_1,43,0.7499,0.7401,0.10843,0.07179,0.8886,0.9331,0.0135
Brats18_2013_14_1,44,0.7805,0.7318,0.10248,0.06779,0.8793,0.9273,0.0212
Brats18_2013_14_1,45,0.8212,0.7272,0.1141,0.06945,0.8681,0.9337,0.0269
Brats18_2013_14_1,46,0.8138,0.7227,0.11996,0.06934,0.8696,0.9418,0.0332
Brats18_2013_14_1,47,0.803,0.72,0.10784,0.06571,0.8714,0.9384,0.0394
Brats18_2013_14_1,48,0.7873,0.7227,0.08887,0.06319,0.8777,0.928,0.0477
Brats18_2013_14_1,49,0.7813,0.7106,0.0942,0.06557,0.8796,0.9247,0.0532
Brats18_2013_14_1,50,0.7785,0.7109,0.11176,0.07749,0.8797,0.9257,0.0599
Brats18_2013_14_1,51,0.7931,0.7235,0.1342,0.0823,0.8797,0.9327,0.0638
Brats18_2013_14_1,52,0.7819,0.7322,0.14199,0.08879,0.8861,0.9322,0.0657
Brats18_2013_14_1,53,0.7927,0.7366,0.1338,0.0863,0.8835,0.9299,0.0665
Brats18_2013_14_1,54,0.7937,0.7399,0.11166,0.07671,0.8844,0.9233,0.0681
Brats18_2013_14_1,55,0.7729,0.7312,0.12549,0.0869,0.8897,0.9224,0.0695
Brats18_2013_14_1,56,0.7658,0.7284,0.1078,0.07861,0.8873,0.9176,0.0702
Brats18_2013_14_1,57,0.7553,0.7259,0.08258,0.06947,0.8871,0.906,0.0712
Brats18_2013_14_1,58,0.7642,0.7312,0.11237,0.07767,0.8883,0.9158,0.0716
Brats18_2013_14_1,59,0.7848,0.7425,0.12991,0.08359,0.8823,0.9217,0.0726
Brats18_2013_14_1,60,0.7908,0.7362,0.10424,0.07129,0.873,0.9146,0.0731
Brats18_2013_14_1,61,0.8089,0.7418,0.1108,0.07506,0.8673,0.9162,0.0744
Brats18_2013_14_1,62,0.8104,0.7463,0.1085,0.07524,0.8647,0.9123,0.0744
Brats18_2013_14_1,63,0.7977,0.7515,0.10832,0.07577,0.8746,0.9114,0.0744
Brats18_2013_14_1,64,0.7898,0.7512,0.09953,0.06859,0.8801,0.9115,0.0771
Brats18_2013_14_1,65,0.7965,0.7578,0.08381,0.06121,0.8812,0.9067,0.0778
Brats18_2013_14_1,66,0.8085,0.7585,0.07645,0.05847,0.8767,0.9026,0.0778
Brats18_2013_14_1,67,0.7991,0.7668,0.11397,0.07214,0.8869,0.9182,0.0761
Brats18_2013_14_1,68,0.8025,0.7699,0.12229,0.07309,0.8843,0.9225,0.0755
Brats18_2013_14_1,69,0.791,0.7714,0.11985,0.06744,0.8894,0.9243,0.0745
Brats18_2013_14_1,70,0.7946,0.7719,0.11117,0.06277,0.8872,0.9213,0.0734
Brats18_2013_14_1,71,0.8032,0.7758,0.13862,0.06669,0.887,0.9417,0.0725
Brats18_2013_14_1,72,0.7767,0.7684,0.10467,0.06018,0.8933,0.9122,0.0708
Brats18_2013_14_1,73,0.7618,0.7644,0.09334,0.0571,0.9007,0.9044,0.07
Brats18_2013_14_1,74,0.7597,0.7579,0.08389,0.05365,0.8967,0.9041,0.0685
Brats18_2013_14_1,75,0.771,0.7515,0.08323,0.05185,0.8849,0.9057,0.0668
Brats18_2013_14_1,76,0.7613,0.7551,0.07816,0.04876,0.891,0.907,0.0658
Brats18_2013_14_1,77,0.7598,0.7593,0.07678,0.05026,0.8942,0.904,0.0643
Brats18_2013_14_1,78,0.7438,0.7582,0.07741,0.04944,0.9014,0.9098,0.0624
Brats18_2013_14_1,79,0.7525,0.7632,0.07423,0.04974,0.8987,0.9056,0.0616
Brats18_2013_14_1,80,0.7666,0.7622,0.07097,0.0499,0.8926,0.9011,0.0597
Brats18_2013_14_1,81,0.7682,0.7606,0.07089,0.04956,0.8911,0.9046,0.0582
Brats18_2013_14_1,82,0.7764,0.7624,0.06901,0.05149,0.8889,0.9006,0.0545
Brats18_2013_14_1,83,0.7787,0.76,0.064,0.05123,0.8872,0.8999,0.0518
Brats18_2013_14_1,84,0.763,0.7627,0.05717,0.04868,0.8957,0.8953,0.0487
Brats18_2013_14_1,85,0.7595,0.7637,0.05273,0.04789,0.9004,0.8872,0.0466
Brats18_2013_14_1,86,0.7647,0.7642,0.0505,0.04784,0.8945,0.8773,0.0462
Brats18_2013_14_1,87,0.7698,0.7606,0.04812,0.04911,0.889,0.87,0.0451
Brats18_2013_14_1,88,0.7613,0.7723,0.04794,0.0504,0.9003,0.8704,0.0453
Brats18_2013_14_1,89,0.7604,0.7705,0.05427,0.05097,0.9005,0.881,0.0453
Brats18_2013_14_1,90,0.7664,0.7627,0.05431,0.05106,0.8947,0.8823,0.0444
Brats18_2013_14_1,91,0.7593,0.764,0.051,0.05027,0.8985,0.8735,0.0393
Brats18_2013_14_1,92,0.7537,0.7613,0.05518,0.05265,0.8965,0.8783,0.0356
Brats18_2013_14_1,93,0.7329,0.7532,0.05913,0.05545,0.9001,0.8782,0.0311
Brats18_2013_14_1,94,0.7156,0.7417,0.06902,0.06255,0.9001,0.8827,0.0279
Brats18_2013_14_1,95,0.7135,0.7304,0.07991,0.06676,0.8935,0.891,0.0266
Brats18_2013_14_1,96,0.7074,0.7232,0.08854,0.06965,0.8929,0.9006,0.0253
Brats18_2013_14_1,97,0.7055,0.7239,0.08355,0.07082,0.8963,0.8893,0.0244
Brats18_2013_14_1,98,0.7161,0.7166,0.10859,0.08313,0.8875,0.8989,0.0229
Brats18_2013_14_1,99,0.7488,0.7177,0.11451,0.08702,0.8688,0.8974,0.0208
Brats18_2013_14_1,100,0.7342,0.7046,0.15101,0.10719,0.8711,0.9127,0.0179
Brats18_2013_14_1,101,0.7522,0.709,0.21799,0.14762,0.8637,0.9279,0.0156
Brats18_2013_14_1,102,0.7631,0.7104,0.19742,0.13741,0.8581,0.9302,0.014
Brats18_2013_14_1,103,0.7384,0.7056,0.13335,0.10533,0.8742,0.9072,0.0122
Brats18_2013_14_1,104,0.7261,0.7028,0.0986,0.09117,0.8806,0.8879,0.0092
Brats18_2013_14_1,105,0.7125,0.6862,0.13601,0.11627,0.8768,0.901,0.0075
Brats18_2013_14_1,106,0.7465,0.6875,0.10665,0.09968,0.8563,0.8898,0.0059
Brats18_2013_14_1,107,0.7865,0.6993,0.11756,0.10784,0.834,0.8932,0.0047
Brats18_2013_14_1,108,0.7728,0.7026,0.11063,0.11033,0.8528,0.88,0.004
Brats18_2013_14_1,109,0.7664,0.7031,0.10026,0.11074,0.8598,0.8711,0.0032
Brats18_2013_14_1,110,0.781,0.7002,0.10595,0.1097,0.8489,0.8788,0.0021
Brats18_2013_17_1,56,0.8696,0.7677,0.08945,0.06738,0.8289,0.9127,0.0012
Brats18_2013_17_1,57,0.8829,0.7712,0.08288,0.07083,0.8187,0.9017,0.0017
Brats18_2013_17_1,58,0.8827,0.7752,0.08758,0.07004,0.8193,0.9155,0.003
Brats18_2013_17_1,59,0.8757,0.7776,0.09298,0.07234,0.8271,0.9216,0.0052
Brats18_2013_17_1,60,0.8751,0.7792,0.10502,0.07804,0.8348,0.9251,0.0092
Brats18_2013_17_1,61,0.8637,0.7809,0.1375,0.08636,0.8444,0.9391,0.0148
Brats18_2013_17_1,62,0.8667,0.7788,0.15576,0.09157,0.8376,0.9438,0.0197
Brats18_2013_17_1,63,0.8661,0.7736,0.15539,0.08718,0.8363,0.9479,0.026
Brats18_2013_17_1,64,0.8672,0.7768,0.15727,0.08419,0.8387,0.952,0.0311
Brats18_2013_17_1,65,0.8675,0.779,0.19485,0.09265,0.8444,0.964,0.0341
Brats18_2013_17_1,66,0.8661,0.7802,0.20896,0.09188,0.842,0.9684,0.0377
Brats18_2013_17_1,67,0.8662,0.7768,0.19524,0.08509,0.8372,0.9626,0.0424
Brats18_2013_17_1,68,0.8642,0.775,0.16098,0.07744,0.8296,0.9482,0.048
Brats18_2013_17_1,69,0.8627,0.7764,0.1658,0.07527,0.8289,0.9479,0.0522
Brats18_2013_17_1,70,0.8645,0.7759,0.17457,0.07447,0.8251,0.9503,0.0553
Brats18_2013_17_1,71,0.86,0.7697,0.22165,0.08584,0.8242,0.9638,0.0589
Brats18_2013_17_1,72,0.8541,0.7691,0.23165,0.08663,0.8362,0.9649,0.0641
Brats18_2013_17_1,73,0.8447,0.7668,0.22343,0.07929,0.8424,0.9668,0.0671
Brats18_2013_17_1,74,0.8235,0.7645,0.21558,0.07667,0.8491,0.9651,0.069
Brats18_2013_17_1,75,0.8047,0.7646,0.20764,0.06827,0.8604,0.9663,0.0713
Brats18_2013_17_1,76,0.796,0.7622,0.20614,0.0659,0.8652,0.9653,0.0727
Brats18_2013_17_1,77,0.8307,0.757,0.20712,0.063,0.8462,0.9622,0.0735
Brats18_2013_17_1,78,0.844,0.763,0.20072,0.06262,0.8453,0.9586,0.075
Brats18_2013_17_1,79,0.8432,0.7692,0.18696,0.06576,0.8519,0.9527,0.0758
Brats18_2013_17_1,80,0.853,0.7684,0.15234,0.06726,0.8496,0.939,0.0768
Brats18_2013_17_1,81,0.8514,0.7697,0.15442,0.06637,0.8512,0.942,0.077
Brats18_2013_17_1,82,0.8487,0.7717,0.17492,0.06511,0.8499,0.9522,0.0771
Brats18_2013_17_1,83,0.8431,0.764,0.1891,0.06623,0.8457,0.9573,0.0765
Brats18_2013_17_1,84,0.8438,0.7692,0.20692,0.06701,0.8492,0.9629,0.0769
Brats18_2013_17_1,85,0.8441,0.7714,0.20636,0.06476,0.8522,0.9636,0.0768
Brats18_2013_17_1,86,0.8424,0.7744,0.20326,0.06172,0.8572,0.9666,0.0766
Brats18_2013_17_1,87,0.8517,0.7764,0.2012,0.06236,0.8491,0.9651,0.0765
Brats18_2013_17_1,88,0.852,0.7777,0.20453,0.06327,0.8594,0.9654,0.0765
Brats18_2013_17_1,89,0.8489,0.7713,0.19796,0.06441,0.8563,0.9623,0.0762
Brats18_2013_17_1,90,0.8447,0.7736,0.183,0.06209,0.8595,0.9589,0.0772
Brats18_2013_17_1,91,0.8356,0.7687,0.18548,0.06181,0.8638,0.9591,0.0772
Brats18_2013_17_1,92,0.8323,0.7694,0.18706,0.05967,0.8647,0.9597,0.0762
Brats18_2013_17_1,93,0.82,0.7686,0.18387,0.05952,0.8692,0.9585,0.075
Brats18_2013_17_1,94,0.8061,0.7658,0.1874,0.05955,0.8741,0.9611,0.0737
Brats18_2013_17_1,95,0.793,0.7618,0.18671,0.05825,0.8778,0.9644,0.0722
Brats18_2013_17_1,96,0.7837,0.7599,0.18566,0.0592,0.8815,0.9636,0.0691
Brats18_2013_17_1,97,0.8019,0.7571,0.1941,0.06305,0.875,0.9634,0.0681
Brats18_2013_17_1,98,0.8023,0.7553,0.21073,0.0655,0.8743,0.9687,0.067
Brats18_2013_17_1,99,0.8193,0.7553,0.25501,0.08088,0.8766,0.9763,0.0647
Brats18_2013_17_1,100,0.8311,0.7496,0.26137,0.08888,0.8639,0.9742,0.0617
Brats18_2013_17_1,101,0.8438,0.747,0.25434,0.08834,0.8578,0.9726,0.0576
Brats18_2013_17_1,102,0.8427,0.746,0.29683,0.10842,0.8554,0.9787,0.0529
Brats18_2013_17_1,103,0.8315,0.7388,0.28324,0.10701,0.8587,0.9778,0.0474
Brats18_2013_17_1,104,0.834,0.7382,0.23503,0.08881,0.8583,0.972,0.0442
Brats18_2013_17_1,105,0.8365,0.7336,0.28845,0.11414,0.8559,0.9789,0.0427
Brats18_2013_17_1,106,0.8451,0.736,0.2727,0.10769,0.8557,0.9794,0.0414
Brats18_2013_17_1,107,0.8503,0.7365,0.27116,0.10975,0.8599,0.9774,0.0412
Brats18_2013_17_1,108,0.8486,0.7327,0.2662,0.11078,0.8641,0.9724,0.0406
Brats18_2013_17_1,109,0.8492,0.7312,0.25966,0.11197,0.8708,0.9698,0.0401
Brats18_2013_17_1,110,0.8543,0.7266,0.22478,0.0984,0.8696,0.9647,0.0394
Brats18_2013_17_1,111,0.8604,0.7234,0.211,0.08969,0.868,0.9661,0.0384
Brats18_2013_17_1,112,0.8595,0.7255,0.19537,0.08466,0.8719,0.9655,0.0368
Brats18_2013_17_1,113,0.8578,0.72,0.18596,0.08469,0.873,0.9628,0.0351
Brats18_2013_17_1,114,0.8515,0.7157,0.19947,0.09297,0.8792,0.9634,0.0337
Brats18_2013_17_1,115,0.8515,0.714,0.20917,0.0976,0.8822,0.9651,0.0315
Brats18_2013_17_1,116,0.8527,0.7189,0.19187,0.0968,0.8843,0.962,0.0287
Brats18_2013_17_1,117,0.8521,0.7106,0.22512,0.11607,0.8838,0.9668,0.0264
Brats18_2013_17_1,118,0.8528,0.7092,0.21728,0.11514,0.8861,0.9681,0.0248
Brats18_2013_17_1,119,0.8455,0.6999,0.22725,0.11971,0.8913,0.9704,0.0229
Brats18_2013_17_1,120,0.8496,0.6967,0.21523,0.11657,0.8951,0.9677,0.0209
Brats18_2013_17_1,121,0.8523,0.6911,0.18343,0.10682,0.8981,0.9622,0.0192
Brats18_2013_17_1,122,0.8412,0.6847,0.15429,0.09916,0.9051,0.9588,0.0182
Brats18_2013_17_1,123,0.8411,0.6856,0.18203,0.11557,0.9063,0.9618,0.0161
Brats18_2013_17_1,124,0.8392,0.6822,0.1719,0.11673,0.9096,0.9603,0.0139
Brats18_2013_17_1,125,0.836,0.6725,0.14267,0.11114,0.9138,0.9557,0.0128
Brats18_2013_17_1,126,0.8285,0.6695,0.13689,0.11515,0.9203,0.9559,0.0121
