idx,psnr,ssim,ncc,auroc_fused,auroc_rcrf,auroc_unc,auroc_gradient,gain_random,gain_gradient,gain_input_diff,gain_rcrf_only,gain_unc_only,gain_fused,gain_oracle,trust_score,qc,masked_psnr,masked_trust_score,elapsed_s
0,20.85,67.01,0.9293,0.858,0.855,0.8095,0.8366,0.032,2.329,0.398,2.455,2.087,3.321,15.216,97.11,PASS,,,9.6
1,20.96,66.05,0.9327,0.867,0.8629,0.8216,0.8435,0.018,2.951,0.948,3.533,1.911,3.541,14.591,97.02,PASS,,,5.6
2,20.79,65.01,0.9308,0.8754,0.8715,0.8279,0.8523,-0.071,3.146,0.656,2.359,1.979,3.816,14.889,97.01,PASS,,,5.6
3,20.78,64.38,0.9331,0.8774,0.8719,0.8322,0.8567,0.043,3.384,0.418,3.082,2.024,3.839,14.517,96.99,PASS,,,5.5
4,20.97,64.66,0.9358,0.8794,0.8769,0.8353,0.8541,-0.013,3.17,0.443,4.221,2.329,4.254,14.741,97.01,PASS,,,5.7
5,21.31,65.53,0.9414,0.8834,0.8808,0.8415,0.8567,0.159,3.442,0.119,4.114,2.378,4.197,14.365,97.0,PASS,,,5.5
6,21.2,66.0,0.9448,0.8946,0.8878,0.8485,0.8649,-0.084,4.106,0.438,4.43,2.392,4.425,14.803,97.06,PASS,,,5.5
7,21.05,65.67,0.9485,0.8896,0.8854,0.8387,0.8528,-0.006,3.569,1.627,4.215,1.87,4.179,15.362,97.14,PASS,,,5.5
8,20.75,64.42,0.9501,0.8895,0.8854,0.8408,0.8528,-0.06,2.877,2.903,4.572,1.988,4.412,15.46,97.07,PASS,,,5.5
9,20.97,63.83,0.9499,0.8943,0.8913,0.8335,0.8586,-0.094,3.192,2.81,3.858,1.613,4.126,14.518,97.15,PASS,,,5.6
10,20.99,63.45,0.9485,0.8851,0.8866,0.8152,0.8626,-0.438,3.192,2.394,4.297,1.066,4.243,13.627,97.08,PASS,,,5.6
11,20.84,62.73,0.948,0.895,0.8952,0.8268,0.8661,-0.456,3.36,2.677,4.278,1.545,4.053,13.595,96.99,PASS,,,5.6
12,20.58,62.35,0.9477,0.8974,0.9002,0.8275,0.8731,-0.519,3.77,2.408,4.316,1.41,4.142,13.636,97.05,PASS,,,5.5
13,20.85,62.74,0.9465,0.9087,0.9129,0.8396,0.8737,0.125,4.688,1.757,4.637,1.43,4.538,13.808,97.08,PASS,,,5.6
14,20.33,62.1,0.9448,0.912,0.9172,0.8407,0.8695,-0.307,3.398,2.44,4.67,1.569,4.452,14.357,97.08,PASS,,,5.6
15,20.06,61.5,0.944,0.9042,0.9089,0.8395,0.8712,0.063,4.312,2.659,4.743,1.569,4.483,14.6,97.13,PASS,,,5.5
16,20.03,62.5,0.9446,0.9107,0.9153,0.8478,0.871,-0.057,4.341,2.745,4.636,1.546,4.237,14.728,97.05,PASS,,,5.6
17,20.2,64.13,0.9438,0.9112,0.916,0.8438,0.869,-0.07,4.229,2.226,4.953,1.312,4.562,15.275,97.08,PASS,,,5.6
18,19.75,63.49,0.9401,0.9083,0.9122,0.8526,0.8621,0.016,4.299,1.754,4.461,1.634,4.305,16.514,97.04,PASS,,,5.6
19,20.7,65.97,0.9388,0.9183,0.9172,0.8701,0.8659,0.043,4.434,1.22,5.12,2.127,5.088,15.744,97.03,PASS,,,5.7
20,20.73,66.07,0.9414,0.9086,0.904,0.8622,0.8594,-0.019,3.362,1.701,4.661,2.142,4.623,16.056,97.15,PASS,,,5.8
21,21.34,65.85,0.9415,0.9073,0.9041,0.8548,0.8668,-0.048,4.298,0.701,4.75,1.999,4.699,15.488,97.19,PASS,,,5.7
22,21.41,65.39,0.9381,0.9145,0.9139,0.866,0.8773,-0.035,4.615,-0.204,5.079,2.196,4.834,15.312,97.13,PASS,,,5.8
23,17.25,55.97,0.8651,0.8999,0.9082,0.8511,0.8924,-0.119,3.382,-2.793,4.505,1.894,4.209,10.733,97.2,PASS,,,5.9
24,19.89,59.91,0.9239,0.9082,0.9034,0.8784,0.8852,0.064,4.637,-1.848,4.266,2.223,4.24,12.333,97.25,PASS,,,5.8
25,17.94,56.04,0.8973,0.909,0.9104,0.8668,0.8921,0.018,3.807,-1.951,4.67,2.03,4.528,11.723,97.19,PASS,,,5.8
26,21.0,64.54,0.9396,0.8989,0.8954,0.8611,0.8727,-0.032,4.089,1.347,3.451,2.15,3.511,15.207,97.17,PASS,,,5.7
27,20.36,63.77,0.9369,0.8931,0.8899,0.8535,0.8651,-0.001,3.047,1.875,2.583,1.643,2.84,15.749,97.15,PASS,,,5.8
28,19.98,62.86,0.9332,0.8869,0.8859,0.848,0.8607,-0.061,2.414,2.591,2.412,1.169,2.158,15.749,97.12,PASS,,,5.7
29,19.76,62.09,0.9311,0.8784,0.8798,0.8312,0.8634,0.006,2.318,2.415,2.343,0.764,1.998,15.97,97.11,PASS,,,5.6
30,19.29,60.81,0.9274,0.8735,0.8762,0.8247,0.8613,0.055,2.253,2.168,2.667,0.907,2.362,16.54,97.16,PASS,,,5.6
31,19.18,60.72,0.9209,0.8828,0.8849,0.833,0.8587,0.021,2.142,1.252,2.58,1.675,2.424,16.616,97.09,PASS,,,5.5
32,18.65,59.53,0.9198,0.8768,0.8773,0.8274,0.8528,0.046,2.027,1.488,3.016,1.605,2.846,17.046,97.15,PASS,,,5.8
33,18.36,58.13,0.9157,0.8769,0.8783,0.8177,0.8521,0.026,2.259,1.881,3.137,1.415,2.838,16.235,97.22,PASS,,,5.7
34,18.1,57.02,0.9137,0.8659,0.8663,0.8044,0.8456,-0.084,2.466,1.921,3.08,1.344,2.818,16.717,97.19,PASS,,,5.6
35,18.94,58.75,0.9155,0.8609,0.8586,0.8059,0.8428,-0.041,1.57,1.71,2.519,1.044,2.351,15.922,97.03,PASS,,,5.6
36,19.24,58.33,0.9161,0.8646,0.8599,0.8203,0.8436,-0.013,1.578,0.676,2.577,1.667,2.805,15.452,96.93,PASS,,,5.6
37,19.24,57.53,0.9175,0.8678,0.864,0.816,0.849,-0.088,1.969,0.465,3.173,1.729,3.043,15.271,97.08,PASS,,,5.6
38,19.39,57.76,0.9153,0.8599,0.8571,0.8133,0.8445,0.041,1.776,0.486,3.089,1.877,3.051,14.887,97.05,PASS,,,5.7
39,19.75,58.62,0.914,0.8478,0.8452,0.8011,0.8466,-0.086,2.431,0.74,2.833,1.846,2.839,14.407,97.02,PASS,,,5.7
40,21.26,66.06,0.9378,0.9242,0.9294,0.8388,0.888,-0.113,5.824,-1.681,6.728,2.565,6.969,14.571,97.16,PASS,,,5.6
41,21.07,65.71,0.9374,0.9411,0.9471,0.8568,0.9011,-0.071,5.211,-2.24,7.181,2.924,7.208,14.696,97.1,PASS,,,5.6
42,21.07,65.06,0.9396,0.9378,0.9448,0.8637,0.8955,-0.071,5.153,-1.633,7.182,3.24,7.104,14.661,97.06,PASS,,,5.7
43,21.24,65.48,0.9436,0.9396,0.9442,0.865,0.8914,0.093,5.43,-0.571,7.143,3.077,7.044,14.671,97.09,PASS,,,5.7
44,21.5,66.3,0.9403,0.9428,0.9478,0.8686,0.8855,-0.007,4.009,-0.102,6.58,2.779,6.849,14.161,97.04,PASS,,,5.6
45,25.53,75.83,0.9301,0.94,0.9478,0.8473,0.8823,0.038,0.358,-2.631,3.228,-1.586,3.424,10.092,97.03,PASS,,,5.5
46,25.34,75.66,0.9281,0.9393,0.9456,0.8546,0.8793,-0.099,3.348,-1.89,6.246,1.178,3.447,9.535,97.08,PASS,,,5.6
47,25.24,75.0,0.9328,0.9426,0.9486,0.8575,0.8717,-0.159,3.96,-1.931,3.345,-0.827,3.349,9.551,97.03,PASS,,,5.6
48,25.74,74.4,0.9412,0.9406,0.9458,0.8613,0.8705,-0.05,3.553,-1.746,6.416,-1.456,6.371,8.992,97.05,PASS,,,5.6
49,25.64,74.49,0.9388,0.9473,0.9497,0.8716,0.8675,-0.552,0.428,-2.211,4.851,1.487,5.485,9.149,97.09,PASS,,,5.5
50,25.53,74.99,0.9333,0.9469,0.951,0.8672,0.8716,-0.045,0.532,-1.48,5.382,2.506,5.402,8.938,97.05,PASS,,,5.4
51,25.24,74.75,0.9311,0.9466,0.9512,0.8509,0.8673,-0.047,3.143,-1.925,5.913,2.197,6.285,9.149,97.05,PASS,,,5.7
52,25.68,74.26,0.937,0.9491,0.9541,0.8565,0.8654,0.014,3.549,-4.243,7.105,-0.524,6.742,8.225,97.0,PASS,,,5.5
53,25.8,74.3,0.9382,0.9439,0.9477,0.86,0.8783,-0.075,3.501,-3.737,5.038,-0.232,5.668,8.572,97.04,PASS,,,5.6
54,26.31,75.12,0.9414,0.9399,0.9466,0.853,0.8749,-0.022,2.914,-4.303,4.146,-2.516,5.864,7.418,96.99,PASS,,,5.6
55,26.05,74.1,0.9391,0.9487,0.9572,0.8681,0.8758,0.054,3.008,-4.251,4.742,2.445,4.991,7.986,96.93,PASS,,,5.7
56,26.19,74.52,0.944,0.9472,0.9577,0.8506,0.8856,0.115,3.47,-4.149,5.222,1.918,5.076,8.407,96.84,PASS,,,5.6
57,27.0,75.21,0.949,0.9452,0.9536,0.86,0.8893,-0.604,3.939,-4.398,5.222,1.482,5.001,6.91,96.81,PASS,,,5.6
58,26.09,74.18,0.9451,0.9441,0.9524,0.8497,0.8929,0.052,3.946,-4.104,1.256,-3.404,1.114,7.865,96.87,PASS,,,5.6
59,26.94,75.98,0.9486,0.9381,0.947,0.8427,0.8869,-0.089,4.239,-4.047,5.906,-3.683,0.943,7.708,96.89,PASS,,,5.6
60,22.06,65.76,0.9491,0.9448,0.9516,0.8549,0.8846,-0.837,4.0,-2.408,5.553,0.717,5.482,12.753,96.93,PASS,,,5.6
61,20.84,62.99,0.9488,0.9504,0.9576,0.8646,0.8778,-0.026,3.449,-2.071,7.222,2.542,7.248,13.817,96.91,PASS,,,5.7
62,20.42,63.24,0.9449,0.9473,0.9563,0.8629,0.8771,-0.223,3.491,-2.289,7.529,2.52,7.283,13.883,96.95,PASS,,,5.8
63,20.93,64.85,0.9487,0.9415,0.9516,0.8453,0.8865,0.033,4.498,-1.837,7.935,2.081,7.51,14.061,96.92,PASS,,,6.0
64,20.7,63.2,0.9472,0.9478,0.9565,0.8564,0.8849,0.013,3.687,-2.009,7.409,2.114,6.952,14.183,96.92,PASS,,,6.0
65,21.13,64.05,0.9432,0.9553,0.9658,0.8615,0.8892,0.076,5.064,-2.431,7.459,2.304,7.265,13.632,96.93,PASS,,,6.0
66,21.09,63.77,0.9388,0.9562,0.9669,0.8608,0.8968,-0.342,5.084,-2.712,7.655,2.293,7.41,13.222,96.94,PASS,,,5.7
67,20.89,63.15,0.9367,0.9568,0.9681,0.8606,0.9004,-0.347,5.034,-2.1,7.802,2.273,7.516,13.255,96.96,PASS,,,5.8
68,20.46,60.84,0.9368,0.9505,0.9604,0.8558,0.8978,-0.039,4.478,-1.957,7.251,2.17,6.992,13.548,96.99,PASS,,,5.8
69,20.16,61.19,0.9376,0.9498,0.9618,0.8564,0.8949,-0.058,4.759,-1.836,7.069,2.217,6.864,14.004,96.97,PASS,,,5.7
70,19.68,59.71,0.9395,0.9479,0.9594,0.8616,0.8951,-0.002,5.013,-1.281,6.995,2.422,6.727,14.466,96.94,PASS,,,5.5
71,19.41,59.16,0.9388,0.9468,0.9592,0.8713,0.8844,0.014,4.409,-0.731,6.538,2.827,6.38,14.532,96.78,PASS,,,5.5
72,19.26,58.7,0.9384,0.9395,0.9532,0.8591,0.8902,-0.299,4.644,-1.101,6.02,2.513,6.098,14.874,96.78,PASS,,,5.6
73,19.32,58.36,0.9417,0.9401,0.955,0.8604,0.8907,0.009,4.667,-1.02,6.249,2.579,6.127,14.89,96.84,PASS,,,5.5
74,19.61,57.51,0.945,0.9391,0.9508,0.862,0.8751,-0.0,4.015,0.067,5.928,2.497,5.839,14.456,96.79,PASS,,,5.6
75,19.06,56.09,0.939,0.9388,0.9495,0.8622,0.8813,0.003,4.711,-0.928,6.589,1.658,6.487,15.589,96.85,PASS,,,5.7
76,18.55,55.04,0.9342,0.9432,0.9536,0.8724,0.8804,0.015,4.325,-0.363,6.273,2.537,6.368,15.515,96.91,PASS,,,5.7
77,18.76,53.85,0.9293,0.9231,0.9327,0.8608,0.8739,0.004,3.627,-0.419,5.317,2.371,5.35,14.446,96.94,PASS,,,5.6
78,19.05,54.68,0.9336,0.9145,0.9228,0.8614,0.8727,0.02,4.007,-0.491,5.472,2.495,5.355,13.014,96.93,PASS,,,5.7
79,19.36,55.11,0.9384,0.912,0.9139,0.8701,0.8621,-0.041,3.865,-0.659,5.379,2.844,5.334,13.814,96.87,PASS,,,5.5
